idx,doclength, imagelength
0,2,446
1,2,449
2,2,449
3,2,449
4,2,449
5,2,449
6,2,450
7,2,450
8,2,450
9,2,450
10,2,450
11,2,450
12,2,450
13,2,450
14,2,450
15,2,450
16,2,450
17,2,450
18,2,452
19,2,452
20,2,452
21,2,452
22,2,452
23,2,452
24,2,452
25,2,452
26,2,452
27,2,452
28,2,452
29,2,452
30,2,452
31,2,452
32,2,452
33,2,452
34,2,452
35,2,452
36,2,454
37,2,456
38,2,457
39,2,458
40,2,458
41,2,458
42,2,458
43,2,458
44,2,462
45,2,462
46,2,462
47,2,462
48,2,462
49,2,462
50,2,462
51,2,462
52,2,464
53,2,464
54,2,464
55,2,464
56,2,464
57,2,464
58,2,464
59,2,464
60,2,464
61,2,464
62,2,464
63,2,464
64,2,464
65,2,464
66,2,464
67,2,464
68,2,464
69,2,464
70,2,464
71,2,464
72,2,464
73,2,464
74,2,464
75,2,464
76,2,464
77,2,464
78,2,464
79,2,464
80,2,464
81,2,464
82,2,464
83,2,464
84,2,464
85,2,464
86,2,464
87,2,464
88,2,464
89,2,464
90,2,464
91,2,464
92,2,464
93,2,464
94,2,464
95,2,464
96,2,464
97,2,464
98,2,464
99,2,464
100,2,464
101,2,464
102,2,464
103,2,464
104,2,464
105,2,464
106,2,464
107,2,464
108,2,464
109,2,464
110,2,465
111,2,465
112,2,465
113,2,465
114,2,465
115,2,465
116,2,465
117,2,465
118,2,465
119,2,465
120,2,465
121,2,465
122,2,465
123,2,465
124,2,465
125,2,465
126,2,465
127,2,465
128,2,465
129,2,465
130,2,465
131,2,465
132,2,465
133,2,465
134,2,465
135,2,465
136,2,465
137,2,465
138,2,465
139,2,465
140,2,465
141,2,465
142,2,465
143,2,465
144,2,465
145,2,465
146,2,465
147,2,465
148,2,465
149,2,465
150,2,465
151,2,465
152,2,465
153,2,465
154,2,465
155,2,465
156,2,465
157,2,465
158,2,465
159,2,465
160,2,465
161,2,465
162,2,465
163,2,465
164,2,465
165,2,465
166,2,465
167,2,465
168,2,465
169,2,465
170,2,465
171,2,465
172,2,465
173,2,465
174,2,465
175,2,465
176,2,465
177,2,465
178,2,465
179,2,465
180,2,465
181,2,465
182,2,465
183,2,465
184,2,465
185,2,465
186,2,465
187,2,465
188,2,465
189,2,465
190,2,465
191,2,465
192,2,465
193,2,465
194,2,465
195,2,465
196,2,465
197,2,465
198,2,465
199,2,466
200,2,466
201,2,466
202,2,466
203,2,466
204,2,466
205,5,467
206,5,467
207,5,467
208,7,467
209,7,467
210,7,467
211,7,467
212,7,467
213,7,467
214,7,467
215,7,467
216,7,467
217,7,467
218,7,467
219,8,467
220,9,467
221,9,467
222,10,467
223,10,467
224,10,467
225,10,467
226,11,467
227,11,467
228,11,467
229,11,467
230,11,467
231,11,467
232,11,467
233,11,467
234,11,467
235,11,467
236,11,467
237,11,467
238,11,467
239,11,467
240,11,467
241,11,467
242,11,467
243,11,467
244,11,467
245,11,467
246,12,467
247,13,467
248,13,467
249,13,467
250,14,467
251,14,467
252,14,467
253,14,467
254,14,467
255,14,467
256,14,467
257,14,467
258,14,467
259,14,467
260,14,467
261,14,467
262,14,467
263,14,467
264,14,467
265,14,467
266,14,467
267,14,467
268,14,467
269,14,467
270,14,467
271,14,467
272,14,467
273,14,467
274,14,467
275,14,467
276,15,467
277,15,467
278,15,467
279,15,467
280,15,467
281,15,467
282,15,467
283,15,467
284,15,467
285,15,467
286,15,467
287,15,467
288,15,467
289,15,467
290,15,467
291,15,467
292,16,467
293,16,467
294,17,467
295,17,467
296,17,467
297,17,467
298,17,467
299,17,467
300,17,467
301,17,467
302,18,467
303,18,467
304,18,467
305,18,467
306,20,467
307,20,467
308,20,467
309,20,467
310,20,467
311,20,467
312,20,467
313,20,467
314,20,467
315,20,467
316,20,467
317,20,467
318,20,467
319,20,467
320,20,467
321,20,467
322,20,467
323,20,467
324,20,467
325,20,467
326,20,467
327,20,467
328,20,467
329,20,467
330,20,467
331,20,467
332,20,467
333,20,467
334,20,467
335,20,467
336,20,467
337,20,467
338,20,467
339,20,467
340,20,467
341,20,467
342,20,467
343,20,468
344,20,468
345,20,468
346,20,468
347,20,468
348,20,469
349,20,469
350,20,469
351,20,469
352,20,469
353,20,469
354,20,469
355,20,469
356,20,469
357,20,470
358,20,470
359,20,470
360,20,470
361,20,470
362,20,470
363,20,470
364,20,470
365,20,470
366,20,471
367,20,472
368,20,473
369,20,484
370,20,484
371,20,496
372,20,500
373,20,503
374,20,504
375,20,508
376,20,516
377,20,517
378,20,518
379,20,519
380,20,519
381,20,520
382,20,522
383,20,522
384,20,522
385,20,522
386,20,522
387,20,522
388,20,522
389,20,522
390,20,522
391,20,522
392,20,525
393,20,528
394,20,545
395,20,545
396,20,545
397,20,556
398,20,565
399,20,565
400,20,565
401,20,565
402,20,565
403,20,565
404,20,566
405,20,566
406,20,566
407,20,566
408,20,566
409,20,566
410,20,566
411,20,566
412,20,566
413,20,566
414,20,566
415,20,570
416,20,571
417,20,572
418,20,572
419,20,572
420,20,572
421,20,572
422,20,572
423,20,573
424,20,588
425,20,588
426,20,588
427,20,588
428,20,588
429,20,592
430,20,596
431,20,600
432,20,600
433,20,600
434,20,600
435,20,600
436,20,600
437,20,600
438,20,600
439,20,600
440,20,600
441,20,600
442,20,600
443,20,600
444,20,600
445,20,600
446,20,600
447,20,600
448,20,600
449,20,600
450,20,600
451,21,600
452,21,603
453,21,612
454,21,612
455,21,630
456,21,640
457,21,646
458,22,653
459,22,654
460,23,658
461,23,658
462,24,658
463,24,662
464,24,662
465,24,662
466,24,662
467,24,662
468,25,662
469,25,662
470,25,662
471,25,662
472,26,662
473,26,662
474,26,662
475,26,662
476,26,662
477,26,662
478,26,662
479,26,662
480,26,662
481,26,662
482,26,662
483,26,662
484,26,662
485,26,662
486,26,662
487,26,662
488,26,662
489,26,662
490,26,662
491,26,662
492,26,662
493,26,662
494,26,662
495,26,662
496,26,662
497,26,662
498,26,662
499,26,662
500,26,662
501,26,662
502,27,662
503,27,662
504,27,662
505,27,662
506,27,662
507,27,662
508,27,662
509,27,662
510,27,662
511,27,662
512,27,662
513,27,662
514,27,662
515,27,662
516,27,662
517,27,662
518,27,662
519,27,662
520,27,662
521,27,662
522,27,662
523,29,662
524,29,662
525,29,662
526,29,662
527,29,662
528,29,662
529,29,662
530,29,662
531,29,662
532,29,662
533,29,662
534,30,662
535,30,662
536,30,662
537,30,662
538,30,662
539,30,662
540,30,662
541,30,662
542,31,662
543,31,662
544,31,662
545,31,662
546,32,662
547,32,662
548,32,662
549,32,662
550,32,662
551,32,662
552,32,662
553,32,662
554,32,662
555,32,662
556,32,662
557,32,662
558,32,662
559,32,662
560,32,662
561,33,662
562,33,662
563,33,662
564,33,662
565,34,662
566,34,662
567,34,662
568,34,662
569,34,662
570,34,662
571,34,662
572,35,662
573,35,662
574,35,662
575,35,662
576,35,662
577,35,662
578,35,662
579,35,663
580,35,663
581,35,663
582,35,663
583,35,663
584,35,663
585,35,663
586,35,663
587,36,663
588,37,663
589,37,663
590,37,663
591,37,663
592,38,663
593,38,663
594,38,663
595,38,663
596,38,663
597,38,663
598,38,663
599,38,663
600,38,663
601,38,663
602,39,663
603,39,663
604,39,663
605,39,663
606,39,663
607,39,663
608,39,663
609,39,663
610,40,663
611,40,663
612,40,663
613,40,663
614,41,663
615,41,663
616,41,663
617,41,663
618,42,663
619,42,663
620,42,663
621,42,663
622,42,663
623,42,663
624,42,663
625,42,663
626,42,663
627,42,663
628,43,663
629,43,663
630,43,663
631,43,663
632,44,663
633,44,663
634,44,663
635,44,663
636,44,663
637,44,663
638,44,663
639,44,663
640,44,663
641,45,663
642,45,663
643,45,663
644,45,663
645,45,663
646,45,663
647,45,663
648,45,663
649,46,663
650,46,663
651,46,663
652,46,663
653,46,663
654,46,663
655,46,663
656,46,663
657,46,663
658,46,663
659,47,663
660,47,663
661,47,663
662,48,663
663,48,663
664,48,663
665,48,663
666,48,663
667,49,663
668,49,663
669,49,663
670,49,663
671,49,663
672,49,663
673,49,663
674,49,663
675,50,663
676,50,663
677,50,663
678,50,663
679,50,663
680,50,663
681,50,663
682,50,663
683,50,663
684,50,663
685,50,663
686,50,663
687,50,663
688,50,663
689,51,663
690,51,663
691,51,663
692,51,663
693,51,663
694,51,663
695,51,663
696,52,663
697,52,663
698,52,663
699,52,664
700,52,664
701,52,664
702,52,664
703,52,664
704,53,664
705,53,664
706,53,664
707,53,664
708,53,664
709,53,664
710,53,664
711,53,664
712,54,664
713,54,664
714,54,664
715,55,664
716,55,664
717,55,664
718,55,664
719,55,664
720,55,664
721,55,664
722,55,664
723,55,664
724,55,664
725,55,664
726,55,664
727,56,664
728,56,664
729,57,664
730,57,664
731,57,664
732,57,664
733,58,664
734,58,664
735,58,664
736,58,664
737,59,664
738,59,664
739,59,664
740,60,664
741,60,664
742,60,664
743,60,664
744,60,664
745,60,664
746,60,664
747,60,664
748,60,664
749,60,664
750,60,664
751,60,664
752,60,664
753,60,664
754,60,664
755,60,664
756,60,664
757,60,664
758,60,664
759,60,664
760,60,664
761,60,664
762,60,664
763,60,664
764,60,664
765,60,664
766,61,664
767,61,664
768,61,664
769,61,664
770,61,664
771,61,664
772,61,664
773,61,664
774,62,664
775,62,664
776,62,664
777,62,664
778,62,664
779,62,664
780,62,664
781,62,664
782,63,664
783,63,664
784,63,664
785,63,664
786,63,664
787,63,664
788,63,664
789,63,664
790,63,664
791,63,664
792,64,664
793,64,664
794,64,664
795,64,664
796,64,664
797,64,664
798,64,664
799,64,664
800,64,664
801,64,664
802,64,664
803,64,664
804,65,664
805,65,664
806,65,664
807,65,664
808,65,664
809,65,664
810,65,664
811,65,664
812,65,664
813,65,664
814,65,664
815,66,664
816,66,664
817,67,664
818,67,664
819,67,664
820,67,664
821,67,664
822,68,664
823,68,664
824,68,664
825,68,664
826,68,664
827,68,664
828,68,664
829,68,664
830,68,664
831,68,664
832,68,664
833,68,664
834,68,664
835,68,664
836,68,664
837,68,664
838,68,664
839,68,664
840,68,664
841,68,664
842,68,664
843,68,664
844,68,664
845,68,664
846,69,664
847,69,664
848,69,664
849,69,664
850,69,664
851,69,664
852,69,664
853,70,664
854,70,664
855,70,664
856,70,664
857,70,664
858,70,664
859,70,664
860,70,664
861,70,664
862,70,664
863,70,664
864,70,664
865,70,664
866,70,664
867,70,664
868,70,664
869,71,664
870,71,664
871,71,664
872,71,664
873,71,664
874,72,664
875,72,664
876,72,664
877,73,664
878,73,664
879,73,664
880,73,664
881,73,665
882,73,665
883,73,665
884,73,665
885,73,665
886,73,665
887,73,665
888,73,665
889,73,665
890,73,665
891,73,665
892,73,665
893,73,665
894,73,665
895,73,665
896,73,665
897,73,665
898,73,665
899,73,665
900,73,665
901,73,665
902,73,665
903,73,665
904,73,665
905,73,665
906,73,665
907,74,665
908,74,665
909,74,665
910,74,665
911,74,665
912,74,665
913,74,665
914,74,665
915,74,665
916,74,665
917,74,665
918,74,665
919,74,665
920,74,665
921,74,665
922,75,665
923,75,665
924,75,665
925,75,665
926,75,665
927,76,665
928,76,665
929,76,665
930,76,665
931,76,665
932,76,665
933,76,665
934,76,665
935,76,665
936,76,665
937,76,665
938,76,665
939,76,665
940,76,665
941,76,665
942,76,665
943,76,665
944,76,665
945,76,665
946,76,665
947,76,665
948,76,665
949,76,665
950,76,665
951,76,665
952,77,665
953,77,665
954,77,665
955,77,665
956,77,665
957,77,666
958,77,666
959,77,666
960,77,666
961,77,666
962,78,666
963,78,666
964,78,666
965,78,666
966,78,666
967,78,666
968,78,666
969,78,666
970,78,666
971,78,666
972,78,666
973,78,666
974,78,666
975,78,666
976,78,666
977,78,666
978,78,666
979,78,666
980,79,666
981,79,666
982,79,666
983,79,666
984,79,666
985,79,666
986,79,666
987,79,666
988,79,666
989,79,666
990,79,666
991,79,666
992,79,666
993,79,666
994,79,666
995,79,666
996,79,666
997,79,666
998,79,666
999,79,666
1000,79,667
1001,79,667
1002,79,667
1003,79,669
1004,80,669
1005,80,671
1006,80,671
1007,80,671
1008,80,672
1009,80,672
1010,80,672
1011,80,677
1012,80,678
1013,80,679
1014,80,680
1015,80,683
1016,81,686
1017,81,686
1018,81,688
1019,81,689
1020,81,690
1021,81,690
1022,82,693
1023,82,693
1024,82,693
1025,82,693
1026,82,697
1027,82,697
1028,82,698
1029,82,700
1030,82,700
1031,82,702
1032,82,704
1033,82,710
1034,82,712
1035,82,712
1036,82,712
1037,82,712
1038,82,712
1039,82,713
1040,83,713
1041,83,713
1042,83,714
1043,83,714
1044,83,717
1045,83,720
1046,83,724
1047,83,724
1048,83,724
1049,83,724
1050,83,726
1051,83,729
1052,83,731
1053,83,736
1054,83,737
1055,83,737
1056,83,738
1057,83,744
1058,83,744
1059,83,750
1060,83,751
1061,83,762
1062,83,768
1063,83,769
1064,83,773
1065,83,773
1066,83,773
1067,84,784
1068,84,785
1069,85,785
1070,85,792
1071,85,793
1072,85,793
1073,85,793
1074,85,793
1075,85,795
1076,85,796
1077,85,801
1078,85,812
1079,85,814
1080,85,819
1081,85,821
1082,85,825
1083,85,825
1084,85,825
1085,85,825
1086,85,825
1087,85,826
1088,85,826
1089,85,829
1090,85,831
1091,85,834
1092,85,838
1093,85,838
1094,86,838
1095,86,838
1096,86,838
1097,86,838
1098,86,838
1099,86,838
1100,86,838
1101,86,838
1102,86,838
1103,86,838
1104,86,838
1105,86,838
1106,86,838
1107,87,838
1108,87,838
1109,87,838
1110,87,838
1111,87,838
1112,87,838
1113,87,838
1114,87,838
1115,87,838
1116,87,838
1117,87,838
1118,87,838
1119,87,838
1120,87,838
1121,87,838
1122,87,838
1123,87,838
1124,87,838
1125,87,838
1126,87,838
1127,87,838
1128,87,838
1129,87,838
1130,87,838
1131,88,838
1132,88,838
1133,88,838
1134,88,838
1135,88,838
1136,88,838
1137,88,838
1138,88,838
1139,88,838
1140,88,838
1141,88,838
1142,88,838
1143,88,838
1144,88,838
1145,88,838
1146,88,838
1147,88,838
1148,88,838
1149,89,838
1150,89,838
1151,89,838
1152,89,838
1153,89,838
1154,90,838
1155,90,838
1156,90,838
1157,91,838
1158,91,838
1159,91,838
1160,91,838
1161,91,838
1162,91,838
1163,91,838
1164,91,838
1165,91,838
1166,91,838
1167,91,838
1168,91,838
1169,91,838
1170,91,838
1171,91,838
1172,91,838
1173,91,838
1174,91,838
1175,91,838
1176,91,838
1177,91,838
1178,91,838
1179,91,838
1180,91,838
1181,91,838
1182,91,838
1183,91,838
1184,91,838
1185,91,838
1186,91,838
1187,91,838
1188,91,838
1189,92,838
1190,92,838
1191,92,838
1192,92,838
1193,92,838
1194,92,838
1195,92,838
1196,92,838
1197,92,838
1198,92,838
1199,92,838
1200,92,838
1201,92,838
1202,92,838
1203,92,838
1204,92,838
1205,92,838
1206,92,838
1207,92,838
1208,92,838
1209,92,838
1210,92,838
1211,92,838
1212,93,838
1213,93,838
1214,93,838
1215,93,838
1216,93,838
1217,93,838
1218,93,838
1219,93,838
1220,93,838
1221,93,838
1222,93,838
1223,93,838
1224,93,838
1225,93,838
1226,93,838
1227,93,838
1228,93,838
1229,94,838
1230,94,838
1231,94,838
1232,94,838
1233,94,838
1234,94,838
1235,94,838
1236,94,838
1237,94,838
1238,94,838
1239,94,838
1240,94,838
1241,94,838
1242,94,838
1243,94,838
1244,94,838
1245,94,838
1246,94,838
1247,94,838
1248,95,838
1249,95,838
1250,95,838
1251,95,846
1252,95,846
1253,95,851
1254,95,858
1255,95,864
1256,95,871
1257,96,872
1258,96,872
1259,96,872
1260,96,872
1261,96,872
1262,96,872
1263,96,872
1264,96,875
1265,96,876
1266,96,876
1267,96,876
1268,96,876
1269,96,876
1270,96,876
1271,96,878
1272,96,878
1273,96,878
1274,96,878
1275,96,878
1276,96,878
1277,96,878
1278,96,878
1279,97,878
1280,97,880
1281,97,881
1282,97,883
1283,97,884
1284,97,889
1285,97,889
1286,97,889
1287,97,890
1288,97,893
1289,97,893
1290,97,894
1291,97,895
1292,97,895
1293,97,895
1294,97,896
1295,97,897
1296,97,897
1297,98,898
1298,98,901
1299,98,905
1300,98,908
1301,98,909
1302,98,909
1303,98,910
1304,98,910
1305,98,910
1306,98,911
1307,98,911
1308,98,911
1309,98,912
1310,98,912
1311,98,912
1312,98,912
1313,98,914
1314,98,914
1315,98,916
1316,98,916
1317,99,920
1318,99,920
1319,100,923
1320,100,926
1321,100,928
1322,100,929
1323,100,933
1324,100,934
1325,100,936
1326,100,937
1327,100,939
1328,100,942
1329,100,947
1330,100,947
1331,100,950
1332,100,958
1333,100,959
1334,100,959
1335,100,963
1336,100,969
1337,100,971
1338,100,971
1339,100,973
1340,100,973
1341,100,973
1342,100,973
1343,100,976
1344,100,981
1345,100,982
1346,100,982
1347,100,982
1348,100,983
1349,100,983
1350,100,986
1351,101,986
1352,101,986
1353,101,989
1354,101,991
1355,101,996
1356,102,997
1357,103,999
1358,103,1009
1359,103,1010
1360,103,1012
1361,103,1014
1362,103,1015
1363,103,1018
1364,104,1020
1365,104,1020
1366,104,1020
1367,104,1020
1368,104,1021
1369,104,1026
1370,104,1028
1371,104,1029
1372,104,1030
1373,104,1031
1374,104,1031
1375,104,1031
1376,104,1031
1377,104,1037
1378,105,1041
1379,105,1041
1380,105,1049
1381,105,1052
1382,105,1053
1383,105,1055
1384,105,1063
1385,105,1067
1386,105,1070
1387,105,1071
1388,105,1071
1389,105,1071
1390,105,1071
1391,105,1071
1392,106,1071
1393,106,1073
1394,107,1073
1395,107,1075
1396,107,1075
1397,107,1082
1398,107,1082
1399,108,1082
1400,108,1082
1401,110,1082
1402,110,1082
1403,110,1082
1404,110,1082
1405,110,1082
1406,110,1082
1407,110,1083
1408,110,1083
1409,110,1083
1410,111,1083
1411,111,1087
1412,111,1089
1413,111,1092
1414,111,1098
1415,111,1099
1416,111,1099
1417,111,1100
1418,111,1102
1419,111,1107
1420,111,1109
1421,111,1109
1422,111,1109
1423,111,1109
1424,111,1109
1425,111,1109
1426,111,1110
1427,111,1113
1428,111,1114
1429,111,1115
1430,111,1115
1431,111,1115
1432,111,1115
1433,111,1115
1434,112,1115
1435,112,1115
1436,112,1115
1437,112,1115
1438,112,1115
1439,112,1115
1440,113,1115
1441,113,1115
1442,113,1115
1443,113,1115
1444,113,1115
1445,113,1115
1446,113,1121
1447,114,1121
1448,114,1121
1449,114,1121
1450,115,1121
1451,115,1121
1452,115,1121
1453,115,1121
1454,115,1123
1455,115,1125
1456,115,1129
1457,116,1131
1458,116,1133
1459,116,1134
1460,116,1139
1461,116,1140
1462,116,1141
1463,116,1142
1464,116,1142
1465,116,1142
1466,116,1145
1467,116,1149
1468,117,1154
1469,117,1154
1470,117,1154
1471,117,1154
1472,118,1154
1473,118,1154
1474,118,1154
1475,118,1154
1476,120,1156
1477,120,1159
1478,120,1160
1479,121,1160
1480,122,1160
1481,122,1160
1482,122,1160
1483,122,1160
1484,122,1160
1485,122,1160
1486,122,1160
1487,122,1160
1488,122,1160
1489,122,1160
1490,122,1160
1491,122,1160
1492,122,1160
1493,122,1165
1494,124,1169
1495,124,1169
1496,124,1171
1497,124,1171
1498,124,1172
1499,125,1174
1500,125,1174
1501,126,1174
1502,126,1178
1503,126,1179
1504,127,1182
1505,127,1182
1506,127,1182
1507,127,1184
1508,128,1186
1509,128,1187
1510,129,1187
1511,129,1187
1512,129,1193
1513,129,1193
1514,129,1193
1515,130,1194
1516,131,1196
1517,132,1196
1518,132,1196
1519,132,1197
1520,132,1203
1521,132,1210
1522,133,1211
1523,133,1212
1524,133,1212
1525,133,1218
1526,133,1220
1527,133,1222
1528,133,1223
1529,133,1224
1530,133,1224
1531,133,1226
1532,133,1226
1533,134,1230
1534,134,1231
1535,134,1232
1536,134,1233
1537,134,1236
1538,135,1239
1539,135,1240
1540,135,1253
1541,136,1255
1542,136,1261
1543,136,1262
1544,136,1263
1545,138,1265
1546,139,1267
1547,139,1268
1548,140,1268
1549,140,1274
1550,140,1275
1551,140,1275
1552,140,1276
1553,140,1279
1554,140,1279
1555,140,1279
1556,142,1279
1557,142,1281
1558,142,1281
1559,142,1281
1560,142,1281
1561,142,1281
1562,142,1281
1563,142,1281
1564,142,1281
1565,143,1282
1566,143,1283
1567,144,1284
1568,145,1284
1569,145,1284
1570,146,1284
1571,146,1284
1572,146,1284
1573,146,1285
1574,146,1286
1575,147,1288
1576,152,1289
1577,152,1291
1578,152,1296
1579,152,1296
1580,153,1296
1581,155,1296
1582,157,1296
1583,157,1299
1584,157,1301
1585,158,1301
1586,158,1303
1587,158,1305
1588,163,1306
1589,166,1306
1590,170,1307
1591,171,1309
1592,173,1309
1593,174,1309
1594,174,1309
1595,175,1310
1596,175,1312
1597,175,1314
1598,175,1316
1599,175,1316
1600,179,1317
1601,179,1320
1602,180,1321
1603,187,1324
1604,188,1325
1605,190,1329
1606,190,1329
1607,194,1329
1608,196,1329
1609,196,1332
1610,196,1332
1611,200,1333
1612,200,1333
1613,200,1335
1614,203,1340
1615,203,1340
1616,203,1343
1617,204,1343
1618,206,1345
1619,209,1345
1620,210,1346
1621,210,1347
1622,217,1347
1623,223,1351
1624,230,1352
1625,230,1352
1626,230,1352
1627,230,1352
1628,230,1352
1629,230,1352
1630,230,1358
1631,230,1358
1632,230,1360
1633,230,1363
1634,230,1364
1635,230,1365
1636,230,1367
1637,230,1373
1638,230,1375
1639,230,1376
1640,230,1379
1641,230,1381
1642,230,1383
1643,230,1390
1644,230,1393
1645,230,1393
1646,230,1393
1647,230,1393
1648,230,1397
1649,231,1398
1650,232,1402
1651,241,1402
1652,241,1402
1653,241,1402
1654,241,1405
1655,241,1407
1656,241,1408
1657,241,1408
1658,241,1416
1659,241,1416
1660,241,1419
1661,245,1419
1662,246,1422
1663,248,1423
1664,248,1425
1665,248,1425
1666,248,1425
1667,248,1426
1668,248,1427
1669,249,1427
1670,249,1428
1671,249,1428
1672,249,1435
1673,249,1435
1674,250,1439
1675,250,1439
1676,252,1442
1677,252,1444
1678,252,1445
1679,252,1445
1680,252,1447
1681,252,1448
1682,254,1448
1683,254,1451
1684,254,1451
1685,254,1451
1686,254,1451
1687,254,1451
1688,254,1451
1689,254,1451
1690,254,1452
1691,254,1453
1692,255,1453
1693,255,1453
1694,255,1453
1695,256,1455
1696,257,1456
1697,258,1463
1698,258,1463
1699,258,1466
1700,259,1468
1701,265,1469
1702,266,1471
1703,268,1472
1704,268,1473
1705,269,1474
1706,269,1477
1707,269,1477
1708,269,1481
1709,269,1485
1710,269,1486
1711,269,1486
1712,270,1486
1713,271,1486
1714,271,1486
1715,271,1486
1716,273,1487
1717,273,1487
1718,276,1487
1719,276,1488
1720,276,1488
1721,276,1488
1722,276,1488
1723,276,1488
1724,276,1492
1725,277,1492
1726,277,1494
1727,278,1494
1728,278,1500
1729,278,1501
1730,278,1501
1731,278,1502
1732,278,1507
1733,278,1507
1734,278,1507
1735,278,1507
1736,278,1509
1737,278,1511
1738,278,1511
1739,278,1519
1740,278,1522
1741,278,1522
1742,278,1524
1743,282,1524
1744,284,1524
1745,285,1524
1746,285,1524
1747,285,1524
1748,285,1524
1749,285,1527
1750,285,1527
1751,286,1528
1752,287,1529
1753,287,1530
1754,287,1530
1755,288,1531
1756,288,1533
1757,289,1535
1758,290,1537
1759,293,1538
1760,293,1538
1761,295,1543
1762,295,1543
1763,295,1545
1764,295,1545
1765,295,1546
1766,297,1546
1767,297,1546
1768,297,1546
1769,297,1546
1770,297,1546
1771,297,1546
1772,298,1546
1773,300,1546
1774,300,1546
1775,301,1546
1776,301,1546
1777,301,1546
1778,301,1547
1779,301,1547
1780,301,1547
1781,301,1547
1782,301,1547
1783,302,1549
1784,302,1549
1785,302,1549
1786,302,1551
1787,304,1555
1788,305,1558
1789,306,1558
1790,306,1563
1791,308,1563
1792,308,1563
1793,308,1564
1794,308,1565
1795,308,1565
1796,308,1565
1797,308,1565
1798,308,1565
1799,308,1567
1800,310,1567
1801,311,1567
1802,311,1568
1803,311,1568
1804,311,1568
1805,311,1569
1806,311,1569
1807,311,1570
1808,311,1570
1809,312,1571
1810,312,1571
1811,312,1571
1812,312,1575
1813,312,1575
1814,312,1575
1815,312,1575
1816,312,1575
1817,312,1575
1818,312,1577
1819,312,1578
1820,312,1578
1821,313,1578
1822,313,1578
1823,313,1578
1824,313,1580
1825,313,1581
1826,315,1584
1827,316,1584
1828,316,1584
1829,316,1584
1830,316,1584
1831,317,1584
1832,317,1584
1833,317,1584
1834,317,1584
1835,318,1584
1836,318,1584
1837,318,1585
1838,319,1585
1839,319,1585
1840,319,1585
1841,319,1585
1842,319,1585
1843,319,1585
1844,319,1585
1845,319,1585
1846,319,1585
1847,319,1585
1848,320,1586
1849,322,1586
1850,322,1590
1851,322,1590
1852,322,1590
1853,322,1590
1854,322,1590
1855,322,1590
1856,322,1590
1857,322,1590
1858,322,1590
1859,323,1593
1860,323,1597
1861,324,1600
1862,324,1600
1863,324,1600
1864,324,1600
1865,324,1600
1866,324,1600
1867,325,1600
1868,326,1601
1869,327,1603
1870,328,1604
1871,328,1605
1872,328,1606
1873,328,1608
1874,328,1610
1875,328,1612
1876,329,1613
1877,329,1613
1878,329,1613
1879,330,1614
1880,330,1616
1881,330,1616
1882,330,1616
1883,331,1616
1884,331,1616
1885,332,1616
1886,332,1616
1887,333,1616
1888,334,1616
1889,335,1616
1890,337,1616
1891,337,1616
1892,337,1616
1893,338,1618
1894,338,1619
1895,338,1619
1896,339,1621
1897,339,1623
1898,339,1625
1899,341,1629
1900,341,1632
1901,341,1633
1902,341,1635
1903,342,1636
1904,342,1638
1905,342,1638
1906,342,1638
1907,342,1639
1908,343,1639
1909,344,1639
1910,344,1639
1911,344,1639
1912,344,1639
1913,344,1639
1914,344,1639
1915,344,1639
1916,344,1641
1917,344,1641
1918,344,1641
1919,344,1641
1920,344,1641
1921,345,1641
1922,345,1641
1923,345,1643
1924,346,1646
1925,346,1647
1926,349,1647
1927,349,1648
1928,349,1654
1929,349,1654
1930,350,1655
1931,350,1656
1932,350,1656
1933,351,1656
1934,351,1656
1935,351,1657
1936,351,1657
1937,351,1658
1938,351,1660
1939,351,1660
1940,351,1660
1941,351,1660
1942,351,1660
1943,351,1660
1944,351,1660
1945,352,1660
1946,352,1663
1947,352,1663
1948,352,1663
1949,352,1664
1950,352,1665
1951,352,1666
1952,352,1666
1953,352,1666
1954,353,1670
1955,353,1670
1956,353,1672
1957,355,1673
1958,355,1673
1959,356,1673
1960,356,1675
1961,357,1675
1962,359,1675
1963,359,1676
1964,359,1676
1965,359,1676
1966,360,1676
1967,360,1676
1968,361,1676
1969,361,1679
1970,361,1679
1971,362,1681
1972,362,1681
1973,363,1681
1974,363,1682
1975,363,1682
1976,363,1683
1977,363,1684
1978,363,1684
1979,363,1686
1980,363,1686
1981,363,1686
1982,363,1690
1983,363,1691
1984,363,1691
1985,363,1694
1986,363,1698
1987,364,1698
1988,364,1698
1989,364,1700
1990,364,1701
1991,364,1702
1992,364,1702
1993,365,1702
1994,365,1703
1995,366,1703
1996,366,1705
1997,366,1706
1998,366,1706
1999,366,1706
2000,366,1706
2001,366,1706
2002,367,1706
2003,367,1706
2004,367,1706
2005,368,1706
2006,368,1709
2007,368,1709
2008,368,1709
2009,368,1710
2010,369,1710
2011,369,1710
2012,369,1710
2013,369,1711
2014,369,1712
2015,369,1712
2016,369,1712
2017,369,1712
2018,369,1712
2019,369,1712
2020,370,1712
2021,370,1712
2022,370,1712
2023,370,1712
2024,371,1712
2025,371,1712
2026,371,1712
2027,371,1717
2028,371,1717
2029,371,1717
2030,371,1718
2031,371,1718
2032,372,1718
2033,373,1720
2034,373,1726
2035,373,1727
2036,374,1727
2037,374,1728
2038,374,1728
2039,374,1730
2040,376,1731
2041,376,1732
2042,376,1735
2043,377,1735
2044,377,1738
2045,377,1738
2046,377,1742
2047,378,1746
2048,378,1746
2049,378,1746
2050,379,1746
2051,379,1746
2052,379,1747
2053,379,1749
2054,379,1755
2055,379,1755
2056,380,1755
2057,380,1755
2058,383,1755
2059,383,1755
2060,383,1755
2061,383,1755
2062,383,1755
2063,383,1755
2064,383,1755
2065,383,1755
2066,383,1755
2067,384,1755
2068,384,1755
2069,385,1755
2070,385,1755
2071,386,1755
2072,386,1755
2073,386,1755
2074,386,1755
2075,386,1755
2076,386,1755
2077,386,1755
2078,386,1755
2079,386,1755
2080,386,1757
2081,386,1758
2082,386,1758
2083,386,1759
2084,386,1759
2085,386,1759
2086,386,1759
2087,386,1759
2088,386,1759
2089,386,1759
2090,387,1761
2091,388,1762
2092,388,1762
2093,389,1765
2094,391,1767
2095,391,1769
2096,391,1771
2097,391,1771
2098,391,1772
2099,391,1773
2100,391,1773
2101,391,1773
2102,391,1774
2103,392,1774
2104,392,1774
2105,392,1774
2106,392,1779
2107,392,1779
2108,392,1782
2109,392,1784
2110,392,1791
2111,392,1798
2112,392,1800
2113,392,1800
2114,392,1800
2115,392,1800
2116,392,1801
2117,393,1801
2118,393,1802
2119,394,1803
2120,395,1804
2121,395,1807
2122,396,1807
2123,396,1807
2124,396,1807
2125,396,1807
2126,396,1807
2127,397,1808
2128,397,1808
2129,397,1808
2130,398,1808
2131,398,1808
2132,398,1808
2133,398,1809
2134,399,1812
2135,399,1812
2136,400,1813
2137,401,1814
2138,401,1814
2139,401,1816
2140,401,1820
2141,401,1820
2142,401,1820
2143,401,1820
2144,401,1820
2145,401,1820
2146,401,1820
2147,401,1820
2148,401,1820
2149,401,1820
2150,401,1820
2151,401,1820
2152,401,1820
2153,401,1820
2154,402,1820
2155,402,1823
2156,402,1824
2157,402,1827
2158,402,1827
2159,402,1827
2160,402,1827
2161,403,1827
2162,403,1829
2163,404,1830
2164,404,1832
2165,404,1836
2166,404,1837
2167,404,1838
2168,405,1841
2169,405,1845
2170,405,1846
2171,405,1847
2172,406,1849
2173,406,1853
2174,406,1854
2175,406,1854
2176,406,1855
2177,406,1855
2178,406,1855
2179,407,1861
2180,407,1861
2181,407,1863
2182,407,1864
2183,407,1866
2184,407,1868
2185,407,1871
2186,407,1873
2187,408,1873
2188,409,1873
2189,409,1877
2190,409,1880
2191,409,1880
2192,409,1880
2193,409,1882
2194,411,1883
2195,411,1886
2196,411,1886
2197,411,1888
2198,411,1888
2199,411,1889
2200,411,1889
2201,411,1889
2202,412,1889
2203,413,1889
2204,413,1890
2205,413,1894
2206,413,1895
2207,413,1896
2208,413,1900
2209,413,1901
2210,413,1904
2211,413,1907
2212,413,1907
2213,413,1911
2214,413,1913
2215,414,1915
2216,414,1915
2217,415,1915
2218,415,1916
2219,415,1917
2220,415,1917
2221,415,1917
2222,415,1917
2223,415,1917
2224,416,1918
2225,417,1922
2226,417,1924
2227,417,1924
2228,419,1926
2229,420,1927
2230,421,1929
2231,422,1932
2232,422,1935
2233,422,1936
2234,422,1936
2235,422,1936
2236,422,1939
2237,422,1939
2238,422,1940
2239,422,1940
2240,422,1941
2241,422,1941
2242,422,1941
2243,423,1946
2244,424,1946
2245,424,1946
2246,424,1947
2247,424,1947
2248,424,1947
2249,425,1948
2250,425,1949
2251,425,1949
2252,425,1951
2253,425,1951
2254,425,1951
2255,426,1951
2256,426,1951
2257,426,1952
2258,427,1952
2259,427,1952
2260,427,1953
2261,427,1954
2262,428,1954
2263,428,1954
2264,428,1961
2265,428,1968
2266,428,1969
2267,428,1969
2268,428,1970
2269,429,1971
2270,429,1972
2271,429,1972
2272,429,1975
2273,429,1977
2274,430,1977
2275,430,1977
2276,430,1980
2277,430,1980
2278,431,1980
2279,431,1980
2280,432,1980
2281,433,1980
2282,434,1980
2283,435,1980
2284,435,1981
2285,435,1981
2286,436,1982
2287,436,1986
2288,436,1986
2289,436,1989
2290,438,1989
2291,438,1992
2292,440,1994
2293,440,1994
2294,440,1995
2295,440,1998
2296,440,2000
2297,441,2000
2298,443,2000
2299,447,2000
2300,449,2000
2301,449,2001
2302,450,2002
2303,451,2004
2304,452,2007
2305,453,2007
2306,453,2007
2307,453,2008
2308,453,2008
2309,454,2008
2310,454,2008
2311,458,2008
2312,458,2008
2313,458,2008
2314,458,2008
2315,458,2008
2316,458,2008
2317,458,2008
2318,458,2008
2319,459,2008
2320,459,2008
2321,459,2008
2322,460,2009
2323,461,2013
2324,462,2013
2325,463,2014
2326,463,2014
2327,463,2014
2328,463,2015
2329,465,2018
2330,466,2018
2331,467,2023
2332,467,2026
2333,468,2026
2334,468,2029
2335,468,2029
2336,469,2029
2337,469,2033
2338,472,2035
2339,475,2036
2340,475,2036
2341,478,2041
2342,478,2041
2343,480,2041
2344,481,2041
2345,483,2041
2346,484,2041
2347,484,2041
2348,485,2041
2349,485,2041
2350,489,2041
2351,489,2041
2352,490,2041
2353,492,2041
2354,493,2042
2355,496,2043
2356,498,2047
2357,499,2047
2358,499,2047
2359,499,2047
2360,500,2047
2361,501,2048
2362,502,2050
2363,502,2050
2364,502,2051
2365,502,2051
2366,502,2053
2367,504,2055
2368,506,2057
2369,506,2058
2370,506,2059
2371,506,2059
2372,506,2059
2373,506,2059
2374,506,2061
2375,506,2061
2376,506,2064
2377,506,2065
2378,506,2065
2379,506,2065
2380,506,2065
2381,506,2065
2382,506,2068
2383,506,2069
2384,506,2070
2385,506,2070
2386,506,2071
2387,506,2071
2388,506,2081
2389,506,2081
2390,506,2081
2391,506,2081
2392,506,2081
2393,506,2081
2394,506,2089
2395,506,2089
2396,506,2091
2397,506,2092
2398,506,2094
2399,507,2097
2400,509,2097
2401,509,2097
2402,509,2097
2403,509,2099
2404,509,2099
2405,514,2099
2406,514,2104
2407,514,2105
2408,516,2107
2409,516,2109
2410,516,2109
2411,516,2114
2412,516,2115
2413,516,2115
2414,516,2116
2415,516,2117
2416,517,2117
2417,517,2117
2418,518,2117
2419,518,2126
2420,518,2126
2421,519,2132
2422,519,2133
2423,519,2134
2424,519,2137
2425,520,2138
2426,520,2139
2427,521,2143
2428,521,2144
2429,521,2145
2430,521,2145
2431,521,2145
2432,521,2145
2433,521,2147
2434,521,2147
2435,521,2147
2436,521,2147
2437,521,2147
2438,521,2148
2439,521,2149
2440,521,2149
2441,521,2156
2442,521,2156
2443,521,2156
2444,521,2160
2445,521,2162
2446,521,2162
2447,521,2164
2448,521,2168
2449,521,2169
2450,521,2169
2451,523,2170
2452,523,2170
2453,523,2173
2454,524,2173
2455,524,2175
2456,525,2175
2457,525,2176
2458,526,2177
2459,526,2177
2460,527,2177
2461,528,2177
2462,530,2177
2463,532,2177
2464,533,2177
2465,534,2177
2466,534,2179
2467,534,2180
2468,535,2183
2469,535,2183
2470,535,2183
2471,535,2183
2472,536,2183
2473,536,2183
2474,536,2183
2475,536,2183
2476,537,2185
2477,537,2187
2478,538,2187
2479,540,2190
2480,540,2192
2481,540,2193
2482,543,2195
2483,543,2195
2484,543,2196
2485,546,2196
2486,547,2196
2487,547,2196
2488,548,2196
2489,548,2196
2490,548,2198
2491,548,2199
2492,549,2200
2493,549,2200
2494,550,2200
2495,550,2201
2496,550,2202
2497,550,2202
2498,551,2203
2499,551,2204
2500,551,2205
2501,551,2206
2502,554,2207
2503,555,2208
2504,557,2208
2505,557,2208
2506,557,2208
2507,557,2209
2508,558,2209
2509,558,2211
2510,558,2211
2511,558,2213
2512,559,2213
2513,561,2213
2514,561,2213
2515,561,2213
2516,561,2213
2517,561,2213
2518,561,2215
2519,562,2215
2520,563,2217
2521,564,2222
2522,565,2226
2523,566,2230
2524,566,2237
2525,566,2237
2526,567,2239
2527,567,2241
2528,567,2242
2529,567,2243
2530,568,2244
2531,569,2245
2532,572,2245
2533,573,2250
2534,574,2250
2535,574,2258
2536,574,2259
2537,574,2263
2538,574,2264
2539,574,2264
2540,574,2264
2541,575,2265
2542,575,2265
2543,577,2265
2544,578,2265
2545,578,2265
2546,578,2265
2547,578,2265
2548,578,2265
2549,579,2267
2550,579,2267
2551,580,2271
2552,580,2273
2553,580,2274
2554,580,2274
2555,581,2274
2556,581,2276
2557,581,2276
2558,581,2278
2559,581,2281
2560,581,2281
2561,581,2281
2562,582,2281
2563,582,2285
2564,582,2287
2565,584,2287
2566,585,2288
2567,585,2288
2568,585,2288
2569,585,2290
2570,585,2291
2571,585,2291
2572,585,2293
2573,585,2295
2574,585,2296
2575,585,2299
2576,585,2299
2577,585,2300
2578,585,2302
2579,585,2303
2580,585,2303
2581,585,2303
2582,586,2303
2583,587,2303
2584,587,2303
2585,588,2303
2586,589,2305
2587,589,2305
2588,589,2305
2589,593,2306
2590,596,2307
2591,596,2308
2592,597,2308
2593,597,2308
2594,598,2308
2595,600,2308
2596,600,2308
2597,601,2308
2598,601,2308
2599,602,2308
2600,602,2308
2601,602,2308
2602,602,2308
2603,603,2313
2604,604,2313
2605,605,2313
2606,605,2313
2607,605,2313
2608,605,2314
2609,605,2314
2610,605,2315
2611,605,2318
2612,606,2320
2613,610,2321
2614,611,2325
2615,611,2326
2616,612,2329
2617,612,2329
2618,612,2332
2619,614,2333
2620,617,2333
2621,621,2333
2622,621,2333
2623,621,2334
2624,621,2334
2625,622,2334
2626,623,2334
2627,625,2334
2628,626,2339
2629,626,2342
2630,627,2342
2631,627,2342
2632,631,2342
2633,631,2342
2634,633,2344
2635,633,2344
2636,634,2346
2637,634,2347
2638,634,2347
2639,634,2348
2640,634,2352
2641,634,2354
2642,634,2355
2643,634,2355
2644,634,2357
2645,634,2359
2646,634,2360
2647,634,2362
2648,634,2363
2649,634,2364
2650,634,2366
2651,634,2369
2652,634,2369
2653,634,2370
2654,634,2370
2655,635,2370
2656,635,2370
2657,635,2370
2658,635,2370
2659,636,2371
2660,636,2373
2661,636,2376
2662,637,2377
2663,638,2377
2664,638,2377
2665,638,2377
2666,639,2378
2667,640,2378
2668,640,2379
2669,640,2382
2670,640,2383
2671,640,2383
2672,640,2383
2673,641,2383
2674,641,2384
2675,641,2384
2676,641,2384
2677,642,2385
2678,643,2387
2679,643,2388
2680,643,2388
2681,643,2389
2682,643,2390
2683,643,2391
2684,643,2391
2685,643,2391
2686,643,2392
2687,645,2393
2688,647,2394
2689,647,2396
2690,647,2397
2691,647,2397
2692,647,2397
2693,650,2397
2694,652,2397
2695,653,2397
2696,653,2397
2697,654,2397
2698,657,2397
2699,659,2397
2700,659,2397
2701,659,2397
2702,659,2397
2703,660,2397
2704,663,2398
2705,671,2398
2706,674,2398
2707,674,2399
2708,679,2399
2709,679,2399
2710,679,2399
2711,679,2400
2712,679,2400
2713,679,2400
2714,679,2400
2715,679,2400
2716,679,2400
2717,679,2400
2718,679,2400
2719,679,2400
2720,679,2400
2721,679,2403
2722,679,2404
2723,679,2404
2724,682,2406
2725,684,2407
2726,685,2408
2727,685,2412
2728,685,2413
2729,685,2414
2730,687,2414
2731,688,2416
2732,690,2421
2733,690,2421
2734,690,2421
2735,690,2423
2736,691,2423
2737,691,2425
2738,692,2426
2739,692,2426
2740,696,2427
2741,697,2428
2742,700,2430
2743,701,2431
2744,702,2431
2745,703,2431
2746,703,2432
2747,705,2432
2748,705,2432
2749,706,2433
2750,710,2433
2751,711,2433
2752,711,2433
2753,711,2433
2754,711,2433
2755,711,2440
2756,711,2441
2757,711,2442
2758,711,2442
2759,711,2443
2760,713,2444
2761,713,2447
2762,713,2448
2763,713,2450
2764,716,2453
2765,718,2453
2766,718,2453
2767,719,2455
2768,719,2455
2769,720,2455
2770,720,2458
2771,722,2459
2772,723,2461
2773,723,2462
2774,723,2462
2775,726,2462
2776,726,2464
2777,726,2464
2778,726,2466
2779,726,2470
2780,727,2475
2781,727,2476
2782,727,2478
2783,727,2483
2784,728,2483
2785,728,2483
2786,729,2483
2787,729,2483
2788,729,2483
2789,729,2485
2790,729,2491
2791,729,2491
2792,729,2491
2793,731,2491
2794,733,2492
2795,735,2492
2796,735,2492
2797,738,2492
2798,738,2492
2799,738,2492
2800,738,2492
2801,741,2493
2802,741,2495
2803,747,2496
2804,747,2496
2805,747,2499
2806,747,2500
2807,747,2500
2808,747,2501
2809,747,2501
2810,747,2502
2811,747,2507
2812,747,2511
2813,747,2511
2814,747,2514
2815,747,2515
2816,748,2516
2817,748,2517
2818,751,2518
2819,752,2519
2820,752,2519
2821,753,2520
2822,753,2521
2823,754,2521
2824,755,2522
2825,755,2522
2826,755,2523
2827,755,2524
2828,755,2525
2829,756,2525
2830,756,2525
2831,756,2526
2832,758,2526
2833,759,2532
2834,760,2533
2835,760,2538
2836,760,2540
2837,760,2541
2838,760,2541
2839,760,2541
2840,760,2541
2841,760,2541
2842,760,2541
2843,761,2541
2844,761,2542
2845,761,2542
2846,761,2545
2847,761,2545
2848,766,2546
2849,767,2548
2850,767,2550
2851,767,2550
2852,767,2550
2853,768,2550
2854,769,2552
2855,770,2555
2856,771,2555
2857,772,2555
2858,773,2557
2859,773,2559
2860,775,2559
2861,776,2560
2862,777,2561
2863,786,2561
2864,786,2561
2865,786,2562
2866,786,2564
2867,786,2565
2868,789,2565
2869,789,2566
2870,792,2567
2871,792,2569
2872,793,2569
2873,794,2570
2874,794,2571
2875,796,2571
2876,796,2571
2877,797,2571
2878,797,2571
2879,799,2572
2880,802,2572
2881,802,2572
2882,802,2572
2883,802,2572
2884,804,2572
2885,805,2572
2886,805,2572
2887,805,2572
2888,806,2572
2889,807,2572
2890,811,2576
2891,815,2580
2892,815,2580
2893,822,2581
2894,823,2581
2895,823,2582
2896,824,2583
2897,824,2584
2898,825,2585
2899,829,2586
2900,829,2589
2901,830,2590
2902,831,2591
2903,831,2592
2904,831,2593
2905,831,2595
2906,831,2595
2907,836,2595
2908,838,2596
2909,841,2597
2910,841,2598
2911,842,2601
2912,843,2601
2913,844,2602
2914,845,2602
2915,849,2602
2916,849,2603
2917,850,2603
2918,850,2607
2919,850,2610
2920,850,2610
2921,860,2612
2922,860,2612
2923,860,2612
2924,860,2612
2925,860,2612
2926,861,2612
2927,861,2612
2928,862,2612
2929,863,2612
2930,863,2612
2931,864,2613
2932,869,2613
2933,869,2613
2934,869,2613
2935,869,2614
2936,869,2617
2937,869,2619
2938,869,2620
2939,869,2621
2940,869,2622
2941,872,2623
2942,873,2623
2943,874,2623
2944,875,2623
2945,875,2623
2946,876,2623
2947,876,2623
2948,876,2623
2949,878,2623
2950,878,2623
2951,878,2623
2952,878,2623
2953,878,2623
2954,878,2624
2955,878,2624
2956,881,2624
2957,881,2624
2958,881,2624
2959,883,2624
2960,883,2624
2961,883,2624
2962,885,2625
2963,887,2630
2964,888,2630
2965,890,2630
2966,892,2630
2967,893,2630
2968,893,2630
2969,896,2630
2970,896,2630
2971,898,2630
2972,898,2630
2973,898,2630
2974,900,2630
2975,903,2632
2976,905,2632
2977,907,2635
2978,907,2636
2979,914,2637
2980,914,2638
2981,915,2638
2982,918,2639
2983,918,2640
2984,918,2640
2985,921,2641
2986,921,2641
2987,921,2642
2988,921,2642
2989,921,2642
2990,921,2643
2991,923,2645
2992,925,2645
2993,926,2647
2994,927,2650
2995,927,2652
2996,927,2655
2997,927,2656
2998,928,2656
2999,928,2656
3000,929,2658
3001,930,2659
3002,932,2659
3003,932,2662
3004,936,2662
3005,936,2662
3006,937,2662
3007,937,2663
3008,937,2663
3009,937,2664
3010,937,2665
3011,938,2665
3012,938,2666
3013,939,2666
3014,940,2667
3015,940,2667
3016,942,2670
3017,942,2670
3018,942,2670
3019,947,2670
3020,947,2670
3021,948,2676
3022,948,2677
3023,948,2677
3024,949,2678
3025,953,2678
3026,953,2680
3027,960,2680
3028,961,2681
3029,961,2682
3030,961,2684
3031,961,2684
3032,961,2686
3033,961,2688
3034,961,2690
3035,964,2696
3036,964,2698
3037,966,2699
3038,967,2700
3039,968,2702
3040,970,2703
3041,971,2705
3042,971,2705
3043,971,2705
3044,972,2705
3045,973,2705
3046,976,2705
3047,976,2707
3048,976,2708
3049,977,2709
3050,978,2709
3051,982,2709
3052,983,2709
3053,983,2709
3054,987,2709
3055,988,2709
3056,988,2709
3057,988,2710
3058,996,2710
3059,996,2710
3060,996,2710
3061,997,2711
3062,997,2712
3063,1006,2712
3064,1006,2713
3065,1006,2714
3066,1007,2715
3067,1011,2720
3068,1011,2720
3069,1011,2722
3070,1013,2722
3071,1015,2723
3072,1015,2723
3073,1018,2723
3074,1020,2726
3075,1020,2726
3076,1021,2726
3077,1021,2727
3078,1023,2727
3079,1024,2727
3080,1025,2727
3081,1025,2727
3082,1027,2727
3083,1027,2727
3084,1027,2727
3085,1030,2727
3086,1030,2727
3087,1030,2728
3088,1030,2729
3089,1032,2729
3090,1033,2730
3091,1035,2731
3092,1037,2731
3093,1042,2733
3094,1044,2733
3095,1050,2733
3096,1051,2733
3097,1051,2733
3098,1051,2735
3099,1053,2736
3100,1054,2736
3101,1055,2736
3102,1055,2736
3103,1055,2737
3104,1056,2737
3105,1060,2737
3106,1064,2737
3107,1065,2738
3108,1066,2738
3109,1068,2739
3110,1068,2741
3111,1068,2741
3112,1073,2741
3113,1073,2741
3114,1073,2741
3115,1073,2741
3116,1076,2741
3117,1076,2745
3118,1076,2745
3119,1082,2745
3120,1083,2746
3121,1083,2746
3122,1089,2749
3123,1090,2752
3124,1092,2752
3125,1092,2752
3126,1092,2752
3127,1092,2752
3128,1095,2752
3129,1095,2753
3130,1097,2764
3131,1097,2764
3132,1097,2764
3133,1101,2764
3134,1101,2766
3135,1104,2768
3136,1104,2768
3137,1104,2768
3138,1104,2768
3139,1104,2768
3140,1104,2768
3141,1104,2768
3142,1104,2769
3143,1105,2774
3144,1112,2778
3145,1113,2780
3146,1114,2780
3147,1121,2780
3148,1122,2780
3149,1122,2780
3150,1123,2780
3151,1123,2780
3152,1124,2781
3153,1124,2783
3154,1124,2786
3155,1125,2786
3156,1125,2786
3157,1134,2786
3158,1134,2788
3159,1137,2788
3160,1142,2791
3161,1142,2797
3162,1143,2798
3163,1143,2798
3164,1143,2798
3165,1144,2799
3166,1144,2799
3167,1145,2799
3168,1146,2802
3169,1146,2806
3170,1146,2806
3171,1146,2807
3172,1146,2812
3173,1155,2815
3174,1157,2820
3175,1157,2820
3176,1161,2823
3177,1165,2824
3178,1169,2824
3179,1172,2824
3180,1172,2825
3181,1173,2826
3182,1174,2827
3183,1174,2832
3184,1175,2832
3185,1176,2834
3186,1179,2838
3187,1179,2841
3188,1179,2841
3189,1182,2842
3190,1182,2842
3191,1186,2842
3192,1186,2842
3193,1186,2842
3194,1190,2844
3195,1190,2844
3196,1191,2844
3197,1191,2844
3198,1200,2845
3199,1200,2845
3200,1200,2846
3201,1201,2846
3202,1202,2846
3203,1202,2847
3204,1202,2848
3205,1202,2848
3206,1202,2849
3207,1202,2852
3208,1202,2854
3209,1202,2855
3210,1202,2857
3211,1203,2859
3212,1203,2862
3213,1203,2864
3214,1209,2865
3215,1213,2868
3216,1213,2869
3217,1213,2871
3218,1213,2872
3219,1213,2873
3220,1215,2881
3221,1218,2881
3222,1218,2881
3223,1218,2883
3224,1218,2884
3225,1218,2886
3226,1218,2887
3227,1218,2889
3228,1218,2889
3229,1218,2889
3230,1220,2891
3231,1220,2891
3232,1221,2891
3233,1222,2891
3234,1223,2894
3235,1223,2895
3236,1223,2896
3237,1224,2896
3238,1224,2897
3239,1224,2897
3240,1225,2900
3241,1225,2900
3242,1225,2902
3243,1225,2903
3244,1225,2904
3245,1225,2904
3246,1225,2904
3247,1225,2904
3248,1225,2904
3249,1227,2904
3250,1228,2905
3251,1228,2906
3252,1232,2906
3253,1232,2909
3254,1233,2912
3255,1235,2912
3256,1240,2913
3257,1243,2913
3258,1250,2914
3259,1250,2914
3260,1250,2915
3261,1251,2916
3262,1252,2916
3263,1255,2916
3264,1256,2919
3265,1261,2919
3266,1262,2922
3267,1265,2923
3268,1265,2924
3269,1265,2925
3270,1265,2926
3271,1265,2927
3272,1265,2927
3273,1265,2927
3274,1265,2928
3275,1266,2931
3276,1266,2931
3277,1267,2931
3278,1268,2933
3279,1270,2933
3280,1270,2933
3281,1270,2934
3282,1270,2934
3283,1270,2935
3284,1270,2935
3285,1270,2935
3286,1270,2935
3287,1270,2935
3288,1270,2935
3289,1276,2935
3290,1278,2935
3291,1284,2935
3292,1284,2935
3293,1285,2939
3294,1288,2939
3295,1288,2941
3296,1289,2941
3297,1292,2944
3298,1293,2946
3299,1293,2950
3300,1293,2952
3301,1293,2952
3302,1293,2955
3303,1303,2957
3304,1304,2960
3305,1304,2962
3306,1306,2962
3307,1307,2962
3308,1308,2967
3309,1309,2967
3310,1315,2967
3311,1315,2968
3312,1316,2968
3313,1316,2970
3314,1321,2976
3315,1321,2976
3316,1322,2976
3317,1322,2976
3318,1322,2978
3319,1322,2979
3320,1323,2980
3321,1325,2980
3322,1340,2980
3323,1342,2980
3324,1342,2981
3325,1342,2981
3326,1342,2982
3327,1344,2983
3328,1344,2984
3329,1344,2984
3330,1344,2984
3331,1346,2984
3332,1349,2986
3333,1350,2989
3334,1350,2989
3335,1350,2989
3336,1350,2989
3337,1352,2989
3338,1352,2989
3339,1352,2989
3340,1353,2993
3341,1356,2995
3342,1356,2998
3343,1360,3003
3344,1363,3004
3345,1369,3005
3346,1372,3008
3347,1372,3012
3348,1372,3013
3349,1372,3013
3350,1373,3016
3351,1373,3021
3352,1378,3021
3353,1381,3021
3354,1382,3021
3355,1383,3021
3356,1391,3021
3357,1391,3021
3358,1391,3021
3359,1393,3021
3360,1397,3021
3361,1397,3021
3362,1401,3021
3363,1401,3024
3364,1405,3025
3365,1406,3025
3366,1406,3035
3367,1406,3039
3368,1408,3041
3369,1412,3043
3370,1414,3045
3371,1416,3046
3372,1416,3047
3373,1416,3050
3374,1416,3051
3375,1416,3051
3376,1416,3051
3377,1416,3051
3378,1416,3057
3379,1416,3059
3380,1416,3060
3381,1416,3060
3382,1416,3060
3383,1416,3062
3384,1417,3062
3385,1417,3062
3386,1424,3064
3387,1426,3068
3388,1427,3068
3389,1430,3068
3390,1430,3068
3391,1431,3069
3392,1431,3069
3393,1431,3069
3394,1431,3069
3395,1431,3070
3396,1431,3072
3397,1431,3074
3398,1431,3076
3399,1431,3077
3400,1431,3078
3401,1431,3078
3402,1436,3079
3403,1439,3079
3404,1439,3082
3405,1444,3082
3406,1446,3082
3407,1452,3083
3408,1458,3084
3409,1463,3085
3410,1465,3089
3411,1470,3090
3412,1470,3090
3413,1470,3090
3414,1471,3090
3415,1473,3092
3416,1476,3099
3417,1476,3099
3418,1481,3100
3419,1483,3101
3420,1484,3106
3421,1485,3110
3422,1485,3111
3423,1487,3113
3424,1488,3113
3425,1488,3113
3426,1488,3119
3427,1488,3128
3428,1489,3130
3429,1490,3130
3430,1490,3130
3431,1493,3130
3432,1493,3132
3433,1493,3132
3434,1494,3132
3435,1498,3132
3436,1498,3132
3437,1498,3132
3438,1498,3132
3439,1498,3134
3440,1502,3135
3441,1503,3136
3442,1503,3138
3443,1513,3139
3444,1513,3139
3445,1513,3139
3446,1513,3139
3447,1513,3141
3448,1513,3149
3449,1513,3150
3450,1523,3151
3451,1524,3151
3452,1537,3153
3453,1545,3154
3454,1548,3156
3455,1555,3163
3456,1563,3165
3457,1569,3166
3458,1580,3166
3459,1585,3166
3460,1585,3166
3461,1585,3166
3462,1585,3170
3463,1585,3172
3464,1585,3172
3465,1585,3172
3466,1585,3172
3467,1585,3172
3468,1590,3177
3469,1590,3179
3470,1590,3182
3471,1598,3184
3472,1598,3185
3473,1599,3187
3474,1604,3187
3475,1610,3187
3476,1612,3187
3477,1612,3194
3478,1619,3195
3479,1619,3198
3480,1622,3198
3481,1623,3198
3482,1625,3202
3483,1625,3207
3484,1626,3208
3485,1627,3209
3486,1640,3210
3487,1640,3210
3488,1642,3212
3489,1642,3223
3490,1642,3224
3491,1642,3225
3492,1643,3228
3493,1644,3232
3494,1644,3232
3495,1647,3232
3496,1651,3232
3497,1654,3233
3498,1659,3233
3499,1659,3233
3500,1664,3233
3501,1665,3239
3502,1667,3240
3503,1677,3240
3504,1681,3241
3505,1684,3245
3506,1688,3245
3507,1688,3245
3508,1689,3245
3509,1692,3245
3510,1698,3247
3511,1698,3249
3512,1698,3250
3513,1698,3250
3514,1699,3252
3515,1709,3254
3516,1709,3254
3517,1725,3254
3518,1728,3256
3519,1729,3258
3520,1732,3258
3521,1733,3258
3522,1736,3258
3523,1736,3259
3524,1736,3260
3525,1736,3262
3526,1738,3262
3527,1739,3264
3528,1739,3267
3529,1739,3268
3530,1739,3270
3531,1739,3272
3532,1741,3274
3533,1742,3275
3534,1742,3275
3535,1742,3277
3536,1757,3281
3537,1758,3282
3538,1767,3282
3539,1767,3283
3540,1769,3284
3541,1769,3284
3542,1769,3284
3543,1769,3287
3544,1769,3287
3545,1769,3291
3546,1769,3292
3547,1769,3292
3548,1769,3292
3549,1769,3292
3550,1769,3292
3551,1769,3292
3552,1769,3292
3553,1769,3298
3554,1769,3298
3555,1769,3298
3556,1769,3298
3557,1781,3302
3558,1781,3303
3559,1781,3303
3560,1785,3306
3561,1786,3308
3562,1788,3308
3563,1789,3310
3564,1789,3311
3565,1790,3312
3566,1795,3313
3567,1795,3313
3568,1795,3313
3569,1795,3315
3570,1795,3316
3571,1795,3316
3572,1795,3318
3573,1795,3319
3574,1796,3320
3575,1802,3321
3576,1804,3322
3577,1804,3322
3578,1811,3322
3579,1817,3322
3580,1817,3325
3581,1817,3328
3582,1817,3330
3583,1821,3333
3584,1822,3335
3585,1824,3337
3586,1824,3337
3587,1825,3339
3588,1826,3341
3589,1826,3348
3590,1829,3351
3591,1830,3352
3592,1830,3360
3593,1830,3361
3594,1830,3362
3595,1830,3362
3596,1830,3362
3597,1830,3363
3598,1832,3364
3599,1835,3364
3600,1837,3366
3601,1837,3367
3602,1837,3367
3603,1839,3368
3604,1839,3368
3605,1839,3368
3606,1839,3368
3607,1839,3368
3608,1840,3369
3609,1847,3369
3610,1848,3370
3611,1849,3372
3612,1852,3374
3613,1853,3374
3614,1853,3374
3615,1854,3374
3616,1857,3374
3617,1858,3377
3618,1859,3379
3619,1861,3379
3620,1862,3381
3621,1862,3382
3622,1867,3383
3623,1868,3383
3624,1872,3385
3625,1872,3386
3626,1872,3389
3627,1872,3389
3628,1873,3389
3629,1876,3392
3630,1877,3393
3631,1878,3397
3632,1878,3398
3633,1878,3399
3634,1882,3399
3635,1887,3400
3636,1898,3400
3637,1898,3404
3638,1898,3405
3639,1900,3406
3640,1907,3406
3641,1907,3407
3642,1908,3412
3643,1910,3412
3644,1910,3412
3645,1913,3412
3646,1918,3412
3647,1922,3415
3648,1923,3416
3649,1923,3418
3650,1923,3418
3651,1928,3419
3652,1936,3423
3653,1936,3423
3654,1938,3423
3655,1941,3424
3656,1943,3425
3657,1943,3426
3658,1946,3427
3659,1954,3427
3660,1956,3433
3661,1956,3434
3662,1956,3437
3663,1956,3437
3664,1957,3438
3665,1975,3439
3666,1976,3443
3667,1976,3446
3668,1980,3449
3669,1982,3449
3670,1984,3450
3671,1984,3452
3672,1984,3452
3673,1988,3452
3674,1990,3452
3675,1996,3452
3676,1996,3452
3677,1997,3455
3678,2000,3455
3679,2007,3455
3680,2007,3455
3681,2007,3455
3682,2007,3455
3683,2007,3455
3684,2007,3455
3685,2007,3456
3686,2007,3456
3687,2007,3465
3688,2007,3465
3689,2007,3466
3690,2013,3466
3691,2018,3466
3692,2019,3466
3693,2019,3466
3694,2019,3466
3695,2019,3466
3696,2019,3467
3697,2019,3467
3698,2019,3467
3699,2019,3468
3700,2027,3470
3701,2028,3470
3702,2033,3473
3703,2035,3473
3704,2036,3475
3705,2036,3475
3706,2043,3475
3707,2047,3476
3708,2048,3476
3709,2050,3476
3710,2051,3479
3711,2052,3483
3712,2052,3484
3713,2052,3485
3714,2052,3486
3715,2052,3486
3716,2052,3489
3717,2052,3489
3718,2052,3489
3719,2052,3492
3720,2052,3493
3721,2054,3497
3722,2054,3498
3723,2054,3499
3724,2054,3499
3725,2054,3499
3726,2054,3503
3727,2054,3504
3728,2054,3509
3729,2054,3509
3730,2054,3509
3731,2056,3511
3732,2069,3511
3733,2069,3511
3734,2069,3511
3735,2070,3512
3736,2070,3512
3737,2073,3512
3738,2074,3514
3739,2078,3514
3740,2085,3514
3741,2085,3514
3742,2085,3516
3743,2085,3519
3744,2087,3523
3745,2090,3529
3746,2092,3529
3747,2094,3530
3748,2096,3531
3749,2096,3532
3750,2096,3532
3751,2096,3532
3752,2100,3533
3753,2102,3535
3754,2104,3536
3755,2105,3538
3756,2105,3540
3757,2106,3541
3758,2106,3541
3759,2110,3541
3760,2110,3542
3761,2114,3542
3762,2114,3546
3763,2114,3548
3764,2115,3552
3765,2115,3554
3766,2118,3554
3767,2118,3561
3768,2129,3562
3769,2129,3563
3770,2129,3567
3771,2135,3569
3772,2148,3569
3773,2148,3570
3774,2155,3573
3775,2162,3574
3776,2184,3582
3777,2185,3587
3778,2190,3589
3779,2193,3591
3780,2193,3591
3781,2193,3591
3782,2193,3594
3783,2193,3594
3784,2193,3594
3785,2193,3594
3786,2193,3598
3787,2193,3604
3788,2193,3609
3789,2193,3611
3790,2193,3613
3791,2193,3614
3792,2193,3616
3793,2193,3623
3794,2193,3624
3795,2193,3627
3796,2193,3629
3797,2204,3631
3798,2204,3631
3799,2206,3631
3800,2207,3635
3801,2209,3640
3802,2209,3641
3803,2209,3641
3804,2217,3642
3805,2217,3644
3806,2217,3644
3807,2217,3645
3808,2218,3645
3809,2237,3647
3810,2237,3651
3811,2237,3652
3812,2237,3652
3813,2237,3652
3814,2237,3657
3815,2237,3663
3816,2237,3666
3817,2237,3667
3818,2237,3668
3819,2237,3670
3820,2237,3671
3821,2243,3671
3822,2243,3671
3823,2246,3671
3824,2251,3675
3825,2254,3678
3826,2256,3678
3827,2256,3682
3828,2258,3682
3829,2263,3682
3830,2266,3682
3831,2266,3682
3832,2266,3683
3833,2266,3686
3834,2272,3687
3835,2277,3689
3836,2282,3690
3837,2283,3693
3838,2283,3693
3839,2283,3695
3840,2295,3698
3841,2297,3702
3842,2300,3703
3843,2300,3704
3844,2300,3705
3845,2311,3706
3846,2311,3708
3847,2312,3717
3848,2314,3720
3849,2315,3721
3850,2321,3726
3851,2323,3727
3852,2323,3727
3853,2325,3728
3854,2327,3729
3855,2327,3729
3856,2334,3735
3857,2335,3735
3858,2353,3737
3859,2353,3742
3860,2353,3743
3861,2355,3743
3862,2355,3743
3863,2361,3751
3864,2361,3751
3865,2362,3751
3866,2362,3752
3867,2366,3753
3868,2366,3756
3869,2366,3756
3870,2366,3756
3871,2366,3760
3872,2366,3761
3873,2366,3761
3874,2370,3762
3875,2372,3762
3876,2372,3763
3877,2374,3764
3878,2374,3766
3879,2374,3770
3880,2374,3771
3881,2380,3771
3882,2384,3771
3883,2384,3772
3884,2384,3773
3885,2385,3773
3886,2385,3774
3887,2385,3775
3888,2388,3778
3889,2392,3780
3890,2396,3785
3891,2409,3787
3892,2410,3788
3893,2410,3795
3894,2410,3796
3895,2410,3796
3896,2410,3796
3897,2410,3797
3898,2411,3800
3899,2411,3801
3900,2413,3802
3901,2423,3802
3902,2423,3805
3903,2423,3810
3904,2423,3814
3905,2423,3814
3906,2423,3814
3907,2423,3814
3908,2423,3815
3909,2430,3816
3910,2431,3816
3911,2431,3819
3912,2435,3821
3913,2435,3821
3914,2435,3822
3915,2435,3824
3916,2435,3825
3917,2435,3825
3918,2435,3825
3919,2435,3825
3920,2435,3825
3921,2437,3826
3922,2439,3830
3923,2446,3830
3924,2454,3832
3925,2458,3832
3926,2468,3832
3927,2477,3836
3928,2482,3837
3929,2484,3838
3930,2485,3840
3931,2487,3844
3932,2491,3844
3933,2495,3844
3934,2495,3844
3935,2495,3844
3936,2495,3844
3937,2498,3844
3938,2508,3848
3939,2508,3852
3940,2517,3853
3941,2517,3856
3942,2517,3864
3943,2517,3867
3944,2518,3868
3945,2520,3869
3946,2524,3873
3947,2529,3875
3948,2531,3876
3949,2531,3876
3950,2531,3876
3951,2536,3878
3952,2540,3878
3953,2544,3878
3954,2546,3879
3955,2548,3882
3956,2550,3882
3957,2550,3883
3958,2554,3890
3959,2559,3890
3960,2568,3890
3961,2569,3890
3962,2571,3891
3963,2573,3891
3964,2573,3893
3965,2581,3898
3966,2582,3898
3967,2584,3900
3968,2584,3901
3969,2584,3901
3970,2588,3903
3971,2588,3903
3972,2590,3903
3973,2590,3903
3974,2593,3904
3975,2601,3904
3976,2601,3904
3977,2601,3904
3978,2601,3912
3979,2601,3918
3980,2601,3921
3981,2601,3931
3982,2601,3933
3983,2601,3937
3984,2609,3943
3985,2611,3946
3986,2617,3946
3987,2620,3954
3988,2623,3955
3989,2646,3958
3990,2653,3959
3991,2656,3960
3992,2656,3962
3993,2656,3965
3994,2656,3968
3995,2656,3973
3996,2663,3980
3997,2663,3981
3998,2663,3983
3999,2667,3983
4000,2670,3984
4001,2670,3985
4002,2673,3985
4003,2673,3988
4004,2677,3989
4005,2679,3990
4006,2679,3993
4007,2679,3995
4008,2679,3999
4009,2679,4000
4010,2679,4001
4011,2679,4003
4012,2679,4004
4013,2679,4004
4014,2696,4004
4015,2702,4005
4016,2702,4006
4017,2704,4009
4018,2711,4010
4019,2712,4010
4020,2714,4012
4021,2714,4012
4022,2714,4012
4023,2715,4012
4024,2715,4012
4025,2715,4014
4026,2729,4015
4027,2729,4015
4028,2729,4015
4029,2729,4016
4030,2729,4016
4031,2730,4016
4032,2735,4016
4033,2735,4017
4034,2735,4019
4035,2738,4020
4036,2752,4021
4037,2758,4021
4038,2758,4022
4039,2758,4023
4040,2764,4025
4041,2774,4050
4042,2780,4052
4043,2784,4055
4044,2812,4055
4045,2828,4059
4046,2832,4060
4047,2837,4063
4048,2837,4068
4049,2843,4071
4050,2843,4075
4051,2843,4078
4052,2843,4078
4053,2850,4079
4054,2856,4080
4055,2859,4082
4056,2859,4085
4057,2859,4085
4058,2860,4087
4059,2861,4108
4060,2876,4121
4061,2876,4122
4062,2876,4122
4063,2876,4125
4064,2876,4125
4065,2876,4125
4066,2876,4125
4067,2876,4126
4068,2883,4130
4069,2883,4130
4070,2885,4130
4071,2885,4133
4072,2885,4136
4073,2885,4154
4074,2885,4154
4075,2885,4155
4076,2885,4158
4077,2885,4162
4078,2885,4163
4079,2885,4164
4080,2885,4166
4081,2892,4170
4082,2892,4171
4083,2896,4173
4084,2897,4176
4085,2897,4177
4086,2897,4180
4087,2904,4182
4088,2904,4183
4089,2908,4183
4090,2909,4185
4091,2919,4188
4092,2919,4190
4093,2920,4190
4094,2922,4192
4095,2930,4192
4096,2937,4197
4097,2937,4198
4098,2947,4198
4099,2948,4199
4100,2964,4200
4101,2964,4205
4102,2964,4206
4103,2970,4210
4104,2976,4213
4105,2976,4213
4106,2979,4214
4107,2979,4218
4108,2979,4218
4109,2979,4222
4110,2979,4224
4111,2979,4224
4112,2983,4224
4113,2986,4224
4114,2986,4225
4115,2986,4225
4116,2986,4227
4117,2986,4227
4118,2986,4227
4119,2986,4227
4120,2987,4231
4121,2987,4235
4122,2990,4237
4123,2996,4244
4124,3004,4245
4125,3006,4245
4126,3027,4246
4127,3036,4247
4128,3050,4253
4129,3076,4274
4130,3077,4274
4131,3103,4277
4132,3113,4280
4133,3114,4285
4134,3125,4288
4135,3126,4290
4136,3127,4292
4137,3142,4292
4138,3142,4293
4139,3146,4293
4140,3148,4304
4141,3165,4305
4142,3178,4307
4143,3180,4310
4144,3190,4311
4145,3190,4316
4146,3199,4323
4147,3200,4330
4148,3200,4331
4149,3204,4333
4150,3205,4333
4151,3207,4333
4152,3209,4333
4153,3220,4334
4154,3230,4340
4155,3237,4340
4156,3237,4340
4157,3238,4340
4158,3238,4340
4159,3238,4340
4160,3238,4351
4161,3238,4361
4162,3238,4361
4163,3238,4362
4164,3241,4364
4165,3245,4368
4166,3250,4371
4167,3251,4372
4168,3252,4373
4169,3252,4373
4170,3265,4373
4171,3267,4373
4172,3271,4375
4173,3282,4375
4174,3283,4377
4175,3283,4377
4176,3283,4377
4177,3283,4377
4178,3293,4382
4179,3293,4382
4180,3293,4386
4181,3293,4392
4182,3293,4395
4183,3293,4396
4184,3293,4403
4185,3293,4407
4186,3293,4412
4187,3293,4413
4188,3293,4417
4189,3293,4429
4190,3293,4431
4191,3293,4434
4192,3293,4434
4193,3293,4438
4194,3293,4438
4195,3293,4438
4196,3293,4442
4197,3293,4442
4198,3293,4449
4199,3293,4454
4200,3293,4454
4201,3293,4454
4202,3293,4467
4203,3293,4472
4204,3293,4472
4205,3293,4478
4206,3304,4491
4207,3313,4491
4208,3331,4491
4209,3332,4491
4210,3336,4491
4211,3337,4494
4212,3337,4494
4213,3337,4496
4214,3337,4502
4215,3339,4502
4216,3341,4503
4217,3341,4503
4218,3347,4504
4219,3359,4511
4220,3367,4513
4221,3369,4519
4222,3373,4530
4223,3373,4536
4224,3374,4539
4225,3374,4540
4226,3381,4552
4227,3381,4552
4228,3381,4559
4229,3381,4575
4230,3383,4575
4231,3387,4579
4232,3387,4581
4233,3393,4582
4234,3393,4584
4235,3398,4584
4236,3401,4584
4237,3401,4585
4238,3408,4585
4239,3409,4585
4240,3409,4585
4241,3410,4585
4242,3410,4592
4243,3451,4593
4244,3456,4597
4245,3463,4597
4246,3463,4598
4247,3463,4602
4248,3464,4603
4249,3464,4603
4250,3464,4603
4251,3465,4603
4252,3467,4603
4253,3468,4603
4254,3468,4603
4255,3468,4603
4256,3474,4605
4257,3485,4605
4258,3505,4607
4259,3509,4616
4260,3510,4617
4261,3511,4622
4262,3511,4635
4263,3513,4635
4264,3513,4635
4265,3517,4635
4266,3540,4635
4267,3554,4635
4268,3559,4637
4269,3560,4639
4270,3560,4640
4271,3560,4649
4272,3569,4649
4273,3569,4649
4274,3569,4650
4275,3569,4651
4276,3577,4651
4277,3600,4651
4278,3602,4651
4279,3606,4651
4280,3618,4653
4281,3619,4656
4282,3619,4656
4283,3619,4663
4284,3619,4667
4285,3626,4667
4286,3645,4668
4287,3655,4668
4288,3659,4669
4289,3659,4671
4290,3660,4673
4291,3671,4673
4292,3672,4683
4293,3672,4690
4294,3672,4695
4295,3672,4699
4296,3676,4703
4297,3677,4706
4298,3681,4707
4299,3681,4709
4300,3681,4712
4301,3681,4713
4302,3681,4713
4303,3681,4713
4304,3681,4713
4305,3681,4713
4306,3681,4713
4307,3681,4713
4308,3681,4713
4309,3681,4713
4310,3681,4713
4311,3681,4713
4312,3681,4713
4313,3681,4713
4314,3681,4713
4315,3681,4713
4316,3681,4714
4317,3681,4722
4318,3681,4733
4319,3681,4739
4320,3681,4739
4321,3681,4740
4322,3681,4747
4323,3686,4747
4324,3686,4755
4325,3687,4756
4326,3687,4759
4327,3687,4760
4328,3687,4761
4329,3687,4761
4330,3689,4764
4331,3689,4768
4332,3689,4769
4333,3689,4770
4334,3696,4770
4335,3696,4770
4336,3698,4770
4337,3706,4773
4338,3706,4776
4339,3711,4776
4340,3711,4777
4341,3711,4777
4342,3718,4777
4343,3725,4780
4344,3726,4789
4345,3726,4789
4346,3726,4789
4347,3726,4789
4348,3727,4789
4349,3751,4789
4350,3751,4789
4351,3751,4789
4352,3751,4789
4353,3752,4789
4354,3753,4789
4355,3753,4789
4356,3753,4789
4357,3753,4789
4358,3759,4789
4359,3760,4789
4360,3760,4789
4361,3774,4789
4362,3777,4789
4363,3806,4789
4364,3817,4789
4365,3823,4789
4366,3827,4791
4367,3832,4796
4368,3836,4796
4369,3836,4799
4370,3846,4801
4371,3853,4801
4372,3862,4812
4373,3868,4812
4374,3868,4815
4375,3868,4816
4376,3876,4817
4377,3876,4818
4378,3895,4819
4379,3903,4821
4380,3907,4821
4381,3912,4821
4382,3916,4823
4383,3928,4828
4384,3934,4831
4385,3934,4833
4386,3941,4836
4387,3943,4841
4388,3943,4842
4389,3948,4845
4390,3948,4845
4391,3948,4849
4392,3948,4851
4393,3948,4853
4394,3948,4858
4395,3952,4858
4396,3955,4858
4397,3960,4858
4398,3965,4858
4399,3965,4858
4400,3965,4858
4401,3965,4858
4402,3971,4858
4403,3973,4858
4404,3985,4862
4405,3985,4870
4406,3991,4877
4407,3999,4879
4408,3999,4882
4409,4031,4886
4410,4035,4887
4411,4035,4887
4412,4047,4887
4413,4054,4887
4414,4061,4890
4415,4061,4892
4416,4069,4892
4417,4069,4894
4418,4069,4895
4419,4069,4899
4420,4069,4914
4421,4069,4918
4422,4069,4920
4423,4069,4920
4424,4069,4925
4425,4069,4926
4426,4069,4931
4427,4069,4932
4428,4074,4932
4429,4107,4933
4430,4112,4943
4431,4118,4948
4432,4120,4955
4433,4120,4958
4434,4123,4966
4435,4139,4975
4436,4139,4975
4437,4139,4975
4438,4139,4975
4439,4155,4981
4440,4155,4981
4441,4155,4981
4442,4155,4989
4443,4155,4990
4444,4160,4990
4445,4163,4991
4446,4181,4995
4447,4188,4995
4448,4214,4999
4449,4224,5005
4450,4232,5008
4451,4242,5009
4452,4243,5011
4453,4243,5015
4454,4243,5015
4455,4243,5015
4456,4243,5015
4457,4249,5020
4458,4250,5020
4459,4250,5029
4460,4282,5031
4461,4288,5035
4462,4298,5037
4463,4306,5048
4464,4337,5050
4465,4352,5052
4466,4353,5060
4467,4353,5061
4468,4357,5069
4469,4357,5073
4470,4357,5073
4471,4374,5073
4472,4374,5077
4473,4374,5078
4474,4374,5081
4475,4376,5083
4476,4390,5084
4477,4390,5084
4478,4390,5084
4479,4390,5084
4480,4394,5089
4481,4395,5091
4482,4396,5106
4483,4407,5116
4484,4407,5117
4485,4417,5121
4486,4419,5131
4487,4421,5131
4488,4430,5131
4489,4432,5135
4490,4432,5141
4491,4432,5147
4492,4433,5147
4493,4433,5151
4494,4433,5152
4495,4433,5155
4496,4433,5155
4497,4433,5156
4498,4433,5161
4499,4433,5161
4500,4433,5164
4501,4433,5166
4502,4433,5172
4503,4433,5172
4504,4433,5196
4505,4433,5196
4506,4433,5196
4507,4433,5196
4508,4433,5200
4509,4445,5201
4510,4445,5202
4511,4457,5208
4512,4468,5223
4513,4468,5239
4514,4468,5240
4515,4468,5245
4516,4468,5245
4517,4468,5247
4518,4468,5250
4519,4468,5251
4520,4468,5254
4521,4468,5287
4522,4468,5298
4523,4491,5304
4524,4499,5309
4525,4501,5311
4526,4505,5311
4527,4505,5317
4528,4505,5319
4529,4510,5320
4530,4511,5321
4531,4511,5327
4532,4511,5344
4533,4511,5344
4534,4514,5344
4535,4525,5346
4536,4525,5348
4537,4525,5354
4538,4525,5356
4539,4525,5356
4540,4532,5356
4541,4532,5356
4542,4532,5356
4543,4536,5356
4544,4539,5359
4545,4539,5359
4546,4551,5364
4547,4561,5364
4548,4583,5371
4549,4583,5381
4550,4583,5381
4551,4587,5386
4552,4592,5388
4553,4594,5393
4554,4597,5396
4555,4600,5405
4556,4600,5406
4557,4600,5411
4558,4662,5416
4559,4665,5416
4560,4692,5417
4561,4692,5423
4562,4705,5432
4563,4732,5437
4564,4745,5437
4565,4747,5437
4566,4757,5438
4567,4757,5453
4568,4757,5456
4569,4757,5456
4570,4757,5456
4571,4798,5456
4572,4803,5458
4573,4807,5459
4574,4807,5463
4575,4809,5466
4576,4809,5482
4577,4813,5486
4578,4818,5492
4579,4819,5499
4580,4823,5507
4581,4836,5509
4582,4841,5509
4583,4855,5509
4584,4859,5509
4585,4859,5528
4586,4886,5540
4587,4888,5540
4588,4888,5548
4589,4893,5553
4590,4902,5559
4591,4925,5568
4592,4935,5572
4593,4935,5585
4594,4935,5585
4595,4935,5596
4596,4967,5600
4597,4971,5608
4598,4971,5608
4599,5016,5608
4600,5031,5608
4601,5041,5611
4602,5044,5617
4603,5044,5626
4604,5046,5627
4605,5050,5627
4606,5050,5630
4607,5050,5630
4608,5050,5639
4609,5050,5641
4610,5050,5645
4611,5050,5654
4612,5064,5656
4613,5072,5657
4614,5072,5657
4615,5095,5668
4616,5129,5670
4617,5160,5678
4618,5160,5686
4619,5160,5691
4620,5160,5692
4621,5160,5693
4622,5160,5696
4623,5166,5699
4624,5181,5700
4625,5188,5709
4626,5202,5709
4627,5202,5709
4628,5202,5709
4629,5202,5709
4630,5202,5709
4631,5202,5709
4632,5202,5714
4633,5202,5714
4634,5233,5725
4635,5233,5742
4636,5254,5747
4637,5273,5765
4638,5285,5766
4639,5296,5777
4640,5296,5783
4641,5296,5783
4642,5296,5795
4643,5296,5799
4644,5296,5803
4645,5296,5808
4646,5296,5811
4647,5299,5812
4648,5300,5820
4649,5302,5833
4650,5302,5841
4651,5308,5843
4652,5326,5843
4653,5326,5843
4654,5326,5843
4655,5326,5843
4656,5370,5843
4657,5391,5843
4658,5396,5847
4659,5398,5850
4660,5401,5852
4661,5405,5853
4662,5405,5856
4663,5405,5856
4664,5405,5856
4665,5405,5856
4666,5425,5856
4667,5425,5857
4668,5425,5858
4669,5425,5862
4670,5425,5862
4671,5425,5871
4672,5438,5875
4673,5438,5880
4674,5438,5880
4675,5438,5880
4676,5438,5880
4677,5486,5880
4678,5492,5880
4679,5503,5881
4680,5508,5882
4681,5509,5912
4682,5515,5913
4683,5521,5913
4684,5527,5913
4685,5532,5913
4686,5539,5916
4687,5556,5927
4688,5570,5958
4689,5570,5960
4690,5570,5960
4691,5572,5960
4692,5579,5968
4693,5585,5973
4694,5585,5973
4695,5585,5975
4696,5602,5975
4697,5611,5986
4698,5630,5991
4699,5659,5993
4700,5675,6008
4701,5675,6014
4702,5675,6014
4703,5675,6035
4704,5675,6036
4705,5675,6036
4706,5675,6045
4707,5675,6078
4708,5675,6093
4709,5681,6100
4710,5681,6102
4711,5703,6115
4712,5703,6120
4713,5729,6135
4714,5740,6146
4715,5758,6153
4716,5761,6173
4717,5817,6177
4718,5832,6190
4719,5832,6190
4720,5838,6198
4721,5840,6215
4722,5864,6238
4723,5864,6238
4724,5871,6261
4725,5875,6266
4726,5875,6283
4727,5878,6283
4728,5880,6294
4729,5888,6300
4730,5936,6303
4731,5936,6313
4732,5936,6334
4733,5936,6335
4734,5936,6355
4735,5936,6358
4736,5936,6365
4737,5974,6365
4738,5984,6381
4739,5988,6393
4740,6011,6404
4741,6016,6408
4742,6066,6420
4743,6073,6420
4744,6113,6443
4745,6140,6447
4746,6143,6449
4747,6144,6461
4748,6160,6462
4749,6171,6494
4750,6171,6511
4751,6173,6517
4752,6185,6518
4753,6185,6518
4754,6189,6529
4755,6193,6544
4756,6193,6578
4757,6194,6578
4758,6196,6586
4759,6196,6596
4760,6196,6629
4761,6196,6629
4762,6196,6635
4763,6203,6639
4764,6203,6639
4765,6212,6639
4766,6213,6652
4767,6225,6652
4768,6228,6653
4769,6230,6663
4770,6282,6668
4771,6296,6671
4772,6309,6671
4773,6309,6671
4774,6314,6672
4775,6314,6672
4776,6314,6672
4777,6314,6689
4778,6314,6708
4779,6314,6715
4780,6314,6717
4781,6314,6730
4782,6373,6736
4783,6373,6742
4784,6373,6742
4785,6373,6742
4786,6373,6742
4787,6373,6745
4788,6373,6759
4789,6373,6771
4790,6373,6779
4791,6413,6782
4792,6413,6785
4793,6419,6792
4794,6419,6793
4795,6427,6795
4796,6465,6810
4797,6480,6817
4798,6494,6830
4799,6509,6838
4800,6530,6838
4801,6535,6838
4802,6555,6838
4803,6555,6838
4804,6555,6838
4805,6578,6844
4806,6590,6853
4807,6614,6856
4808,6614,6857
4809,6614,6868
4810,6621,6871
4811,6621,6883
4812,6643,6894
4813,6665,6894
4814,6683,6894
4815,6683,6898
4816,6687,6912
4817,6687,6922
4818,6687,6929
4819,6721,6929
4820,6722,6941
4821,6731,6947
4822,6731,6958
4823,6731,6959
4824,6731,6981
4825,6731,6987
4826,6731,7015
4827,6732,7025
4828,6751,7055
4829,6751,7055
4830,6752,7079
4831,6752,7079
4832,6752,7111
4833,6752,7117
4834,6752,7144
4835,6793,7150
4836,6793,7152
4837,6793,7158
4838,6850,7164
4839,6850,7165
4840,6859,7179
4841,6863,7183
4842,6869,7183
4843,6871,7183
4844,6872,7183
4845,6872,7183
4846,6873,7183
4847,6876,7183
4848,6876,7183
4849,6879,7183
4850,6884,7183
4851,6902,7183
4852,6909,7183
4853,6909,7188
4854,6915,7218
4855,6925,7221
4856,6931,7221
4857,6931,7221
4858,6931,7221
4859,6931,7221
4860,6931,7221
4861,6931,7221
4862,6931,7221
4863,6931,7221
4864,6931,7221
4865,6931,7221
4866,6931,7221
4867,6931,7222
4868,6931,7239
4869,6931,7240
4870,6931,7245
4871,6931,7249
4872,6931,7263
4873,6936,7282
4874,6939,7283
4875,6939,7283
4876,6960,7283
4877,6960,7290
4878,6999,7313
4879,6999,7330
4880,7018,7330
4881,7042,7350
4882,7049,7354
4883,7068,7376
4884,7083,7388
4885,7084,7409
4886,7084,7428
4887,7084,7430
4888,7084,7432
4889,7084,7435
4890,7095,7444
4891,7103,7451
4892,7105,7469
4893,7105,7472
4894,7105,7472
4895,7105,7475
4896,7105,7479
4897,7105,7483
4898,7157,7485
4899,7166,7486
4900,7202,7493
4901,7206,7496
4902,7231,7511
4903,7240,7529
4904,7263,7565
4905,7292,7565
4906,7305,7574
4907,7351,7575
4908,7351,7579
4909,7388,7581
4910,7393,7583
4911,7433,7584
4912,7462,7602
4913,7503,7633
4914,7525,7647
4915,7529,7647
4916,7529,7647
4917,7551,7658
4918,7551,7659
4919,7551,7669
4920,7551,7684
4921,7551,7687
4922,7555,7697
4923,7570,7700
4924,7601,7700
4925,7601,7706
4926,7601,7706
4927,7601,7706
4928,7601,7706
4929,7626,7706
4930,7643,7706
4931,7643,7706
4932,7643,7706
4933,7643,7707
4934,7663,7721
4935,7672,7721
4936,7707,7721
4937,7729,7723
4938,7730,7732
4939,7730,7736
4940,7730,7769
4941,7758,7831
4942,7778,7840
4943,7856,7843
4944,7856,7843
4945,7870,7843
4946,7872,7845
4947,7927,7854
4948,7927,7863
4949,7951,7863
4950,7976,7869
4951,7976,7878
4952,8011,7878
4953,8063,7889
4954,8063,7908
4955,8063,7908
4956,8063,7913
4957,8063,7913
4958,8063,7914
4959,8063,7934
4960,8063,7934
4961,8063,7949
4962,8063,7960
4963,8063,7975
4964,8063,7977
4965,8063,7992
4966,8098,8006
4967,8099,8014
4968,8106,8028
4969,8106,8038
4970,8256,8044
4971,8278,8070
4972,8278,8073
4973,8284,8089
4974,8308,8089
4975,8308,8089
4976,8354,8109
4977,8354,8125
4978,8384,8141
4979,8389,8146
4980,8389,8149
4981,8389,8149
4982,8393,8165
4983,8396,8169
4984,8461,8178
4985,8461,8190
4986,8461,8190
4987,8461,8190
4988,8461,8190
4989,8461,8190
4990,8595,8199
4991,8608,8208
4992,8631,8221
4993,8631,8227
4994,8631,8227
4995,8662,8228
4996,8712,8228
4997,8717,8228
4998,8749,8228
4999,8925,8230
5000,8931,8236
5001,8931,8238
5002,8948,8244
5003,9005,8250
5004,9036,8251
5005,9050,8252
5006,9063,8268
5007,9143,8268
5008,9170,8285
5009,9170,8287
5010,9248,8287
5011,9260,8287
5012,9262,8287
5013,9262,8288
5014,9333,8294
5015,9372,8294
5016,9425,8312
5017,9438,8327
5018,9442,8328
5019,9442,8338
5020,9471,8338
5021,9524,8338
5022,9540,8338
5023,9545,8338
5024,9545,8338
5025,9545,8338
5026,9545,8338
5027,9588,8340
5028,9590,8340
5029,9590,8349
5030,9693,8351
5031,9704,8365
5032,9731,8365
5033,9804,8375
5034,9808,8375
5035,9825,8396
5036,9842,8404
5037,9880,8423
5038,9901,8444
5039,9901,8446
5040,9901,8446
5041,9901,8446
5042,9901,8446
5043,9901,8446
5044,9901,8446
5045,9901,8447
5046,9901,8451
5047,9901,8464
5048,9901,8478
5049,9901,8487
5050,9912,8497
5051,9923,8505
5052,9936,8509
5053,9964,8515
5054,10136,8516
5055,10194,8536
5056,10228,8562
5057,10264,8568
5058,10264,8574
5059,10264,8589
5060,10355,8604
5061,10355,8604
5062,10355,8640
5063,10355,8658
5064,10355,8683
5065,10355,8707
5066,10355,8713
5067,10365,8715
5068,10374,8722
5069,10374,8725
5070,10374,8725
5071,10374,8725
5072,10374,8725
5073,10396,8725
5074,10396,8725
5075,10512,8725
5076,10512,8725
5077,10512,8725
5078,10512,8731
5079,10523,8737
5080,10550,8740
5081,10682,8741
5082,10682,8747
5083,10682,8749
5084,10682,8760
5085,10693,8761
5086,10726,8775
5087,10754,8797
5088,10766,8827
5089,10799,8831
5090,10827,8851
5091,10827,8853
5092,10827,8868
5093,10827,8868
5094,10838,8872
5095,10891,8875
5096,10891,8883
5097,10898,8887
5098,10915,8888
5099,10944,8900
5100,10944,8909
5101,10973,8911
5102,11073,8960
5103,11073,8964
5104,11147,8971
5105,11155,8971
5106,11155,8971
5107,11155,8971
5108,11155,8975
5109,11178,8975
5110,11200,8992
5111,11209,8998
5112,11239,9004
5113,11411,9012
5114,11494,9012
5115,11494,9013
5116,11524,9023
5117,11638,9024
5118,11702,9055
5119,11722,9080
5120,11722,9091
5121,11722,9149
5122,11729,9170
5123,11731,9202
5124,11809,9226
5125,11872,9271
5126,11895,9271
5127,11929,9271
5128,11948,9314
5129,11971,9341
5130,11971,9342
5131,12167,9345
5132,12176,9346
5133,12246,9349
5134,12294,9366
5135,12418,9394
5136,12803,9399
5137,12848,9399
5138,12932,9399
5139,13017,9399
5140,13053,9445
5141,13053,9471
5142,13053,9471
5143,13488,9471
5144,13488,9527
5145,13488,9527
5146,13592,9527
5147,13592,9543
5148,13695,9547
5149,13695,9573
5150,13736,9574
5151,13736,9578
5152,13736,9601
5153,13736,9601
5154,13736,9601
5155,13736,9601
5156,13820,9647
5157,13868,9661
5158,13994,9667
5159,14032,9667
5160,14032,9697
5161,14032,9721
5162,14047,9745
5163,14050,9775
5164,14050,9788
5165,14050,9883
5166,14050,9937
5167,14050,9938
5168,14050,9944
5169,14050,9944
5170,14136,9953
5171,14142,10004
5172,14142,10040
5173,14154,10040
5174,14162,10057
5175,14383,10094
5176,14383,10132
5177,14383,10135
5178,14383,10135
5179,14383,10135
5180,14383,10184
5181,14383,10191
5182,14383,10204
5183,14383,10232
5184,14383,10273
5185,14453,10326
5186,14453,10357
5187,14463,10362
5188,14537,10437
5189,14582,10479
5190,14714,10486
5191,14728,10544
5192,14790,10545
5193,15153,10634
5194,15153,10666
5195,15366,10666
5196,15421,10682
5197,15421,10747
5198,15540,10747
5199,15573,10747
5200,15573,10747
5201,15573,10782
5202,15573,10829
5203,15573,10840
5204,15960,10886
5205,16124,10915
5206,16255,10981
5207,16292,10981
5208,16318,11007
5209,16420,11021
5210,16569,11027
5211,16569,11035
5212,16943,11036
5213,16943,11036
5214,17141,11049
5215,17141,11049
5216,17141,11049
5217,17141,11049
5218,17141,11049
5219,17141,11075
5220,17141,11116
5221,17141,11118
5222,17141,11118
5223,17141,11118
5224,17141,11118
5225,17253,11124
5226,17404,11124
5227,17404,11124
5228,17506,11133
5229,17506,11238
5230,17506,11281
5231,17506,11447
5232,17506,11631
5233,17506,11669
5234,17953,11679
5235,17963,11682
5236,18163,11717
5237,18199,11921
5238,18375,11957
5239,18523,11957
5240,18750,12011
5241,19124,12026
5242,19247,12036
5243,19402,12041
5244,19425,12041
5245,19442,12041
5246,19444,12041
5247,19470,12041
5248,19493,12041
5249,19696,12041
5250,19697,12041
5251,19783,12041
5252,19785,12041
5253,20255,12041
5254,20268,12041
5255,20268,12159
5256,20268,12200
5257,20316,12222
5258,20316,12277
5259,20316,12277
5260,20353,12546
5261,20353,12688
5262,20366,12771
5263,20366,12771
5264,20366,12774
5265,20366,12861
5266,20366,12969
5267,20366,12969
5268,20366,12969
5269,20366,13009
5270,20366,13064
5271,20366,13092
5272,20472,13155
5273,20894,13214
5274,20894,13271
5275,20894,13300
5276,20894,13482
5277,20894,13829
5278,20894,14284
5279,20894,14294
5280,20894,14533
5281,20894,14690
5282,20894,14695
5283,20894,14914
5284,20894,14914
5285,20894,14914
5286,20894,15270
5287,20978,15398
5288,20978,15420
5289,20996,15451
5290,21085,15741
5291,21363,15792
5292,21460,15805
5293,21460,15805
5294,21460,16002
5295,21460,16049
5296,21460,16238
5297,21460,16269
5298,21460,17075
5299,21460,17345
5300,21460,17345
5301,21460,17673
5302,21460,18900
5303,21460,18900
5304,21460,18978
5305,21460,19140
5306,21464,19140
5307,21464,20017
5308,21501,20017
5309,21537,20536
5310,21537,22530
5311,21672,22694
5312,22056,23550
5313,22076,24183
5314,22076,25382
5315,22076,25650
5316,22357,26503
5317,22357,26670
5318,22357,26926
5319,22357,26945
5320,22357,27876
5321,22357,29361
5322,22391,30287
5323,22478,30287
5324,22478,30287
5325,23233,31557
5326,23435,32358
5327,23435,32766
5328,23435,32766
5329,23527,32766
5330,23799,32766
5331,23799,32766