2014013436	1	十人左右破冰游戏	rb_1	1
2014013436	1	十人左右破冰游戏	rb_3	4
2014013436	1	破冰游戏	rb_0	3
2014013436	1	破冰游戏	rb_1	2
2014013436	2	度假旅行	rb_2	1
2014013436	2	北京周边度假旅行	rb_3	1
2014013436	2	北京周边度假旅行	rb_4	1
2014013436	2	北京周边度假旅行	rb_6	1
2014013436	2	北京周边度假旅行	rb_7	1
2014013436	2	度假旅行	rb_2	1
2014013436	2	北京周边地区度假旅行	rb_1	4
2014013436	3	死飞自行车	rb_1	2
2014013436	3	清华大学死飞自行车	rb_0	1
2014013436	3	北京死飞自行车店	rb_0	4
2014013436	4	手提行李限制	rb_0	1
2014013436	4	手提行李限制	rb_3	3
2014013436	4	航班行李限制	rb_0	2
2014013436	4	航班行李限制	rb_2	2
2014013436	4	航班托运行李限制	rb_0	3
2014013436	4	航班禁止托运的物品种类	rb_0	4
2014013436	5	红斑狼疮	rb_3	1
2014013436	5	红斑狼疮注意事项	rb_0	4
2014013436	5	红斑狼疮治疗措施	rb_0	1
2014013436	5	红斑狼疮治疗措施	rb_3	4
2014013436	6	长期护理保险	rb_0	2
2014013436	6	长期护理保险	rb_1	2
2014013436	6	长期护理保险	rb_5	4
2014013436	6	长期护理保险保费及理赔金额	rb_3	3
2014013436	6	国泰康顺长期护理保险	rb_2	2
2014013436	6	长期护理保险公司推荐	rb_3	1
2014013436	6	长期护理保险公司推荐	rb_4	2
2014013436	6	长期护理保险公司推荐	rb_19	1
2014013436	7	戒烟	rb_2	4
2014013436	8	编程入门	rb_0	1
2014013436	8	编程入门	rb_2	4
2014013436	8	VB入门资源	rb_0	1
2014013436	8	VB入门资源	rb_1	3
2014013436	8	VB入门资源	rb_6	1
2014013436	9	昌北国际机场	rb_3	1
2014013436	9	昌北国际机场	rb_4	4
2014013436	9	昌北国际机场周边酒店	rb_0	4
2014013436	10	索尼QX镜头	rb_0	4
2014013436	11	红牛副作用	rb_0	3
2014013436	11	红牛副作用	rb_1	4
2014013436	11	禁止销售红牛国家	rb_10	3
2014013436	12	iphone6	rb_2	2
2014013436	12	港版iphone6	rb_0	1
2014013436	12	港版iphone6	rb_2	4
2014013436	12	港版iphone6	rb_3	2
2014013436	12	香港购买iphone6	rb_0	4
2014013436	12	香港购买iphone6 关税	rb_7	4
2014013436	13	香山红叶	rb_0	4
2014013436	14	清华大学健身房	rb_0	1
2014013436	14	清华大学健身房	rb_1	1
2014013436	14	清华大学健身房	rb_3	1
2014013436	14	清华大学健身房	rb_5	1
2014013436	14	清华大学健身房	rb_6	1
2014013436	14	清华大学健身房	rb_7	1
2014013436	14	清华大学健身房	rb_8	1
2014013436	14	清华大学健身房	rb_11	1
2014013436	14	清华大学健身房	rb_12	1
2014013436	14	清华大学健身房	rb_15	1
2014013436	14	清华大学健身房	rb_22	1
2014013436	15	辽宁号	rb_2	1
2014013436	15	辽宁号	rb_3	1
2014013436	15	辽宁号	rb_7	1
2014013436	15	辽宁号	rb_9	1
2014013436	15	辽宁号基本信息	rb_3	4
2014013436	15	辽宁号优劣势	rb_0	2
2014013436	15	辽宁号优劣势	rb_6	3
2013310564	11	清华大学游泳馆	rb_11	3
2013310564	11	清华大学游泳馆	rb_16	3
2013310564	7	戒烟	rb_0	3
2013310564	7	戒烟	rb_1	3
2013310564	13	法国队	rb_0	1
2013310564	13	法国队 98	rb_2	1
2013310564	13	法国队 98	rb_3	1
2013310564	13	法国队 98	rb_7	4
2013310564	13	法国队 98	rb_9	3
2013310564	13	法国队	rb_0	3
2013310564	13	法国队 98	rb_2	1
2013310564	13	法国队 98	rb_3	1
2013310564	13	法国队 98	rb_7	1
2013310564	13	法国队 98	rb_8	4
2013310564	13	法国队 98	rb_9	1
2013011392	5	红斑狼疮	rb_2	1
2013011392	5	红斑狼疮	rb_4	4
2013011392	7	戒烟	rb_1	3
2013011392	7	戒烟	rb_4	1
2013011392	7	戒烟好处	rb_0	4
2013011392	7	戒烟好处	rb_7	2
2013011392	11	清华大学游泳馆	rb_1	1
2013011392	11	清华大学陈明游泳馆	rb_0	1
2013011392	11	清华大学陈明游泳馆	rb_3	4
2013011392	11	清华大学陈明游泳馆价格	rb_4	3
2013011392	11	清华大学陈明游泳馆学生价格	rb_22	1
2013011392	11	清华大学陈明游泳馆学生价格	rb_26	1
2013011392	11	清华大学陈明游泳馆学生卡	rb_19	2
2013011392	4	手提行李限制	rb_0	4
2013011392	4	手提行李限制	rb_1	2
2013011392	4	手提行李限制	rb_5	3
2013011392	4	托运行李限制	rb_1	3
2013011392	4	托运行李限制	rb_5	3
2013011392	6	长期护理保险	rb_0	4
2013011392	6	长期护理保险	rb_3	3
2013011392	6	长期护理保险	rb_5	3
2013011392	6	哪些公司提供长期护理保险	rb_3	2
2013011392	6	长期护理保险理赔	rb_0	3
2013011392	6	长期护理保险理赔	rb_1	2
2013011392	6	长期护理保险理赔	rb_2	1
2013011392	2	北京五月一周度假旅行	rb_0	1
2013011392	2	北京五月份一周度假旅行	rb_0	2
2013011392	2	北京周边五日以上度假旅行	rb_0	4
2013011392	2	北京周边五日以上度假旅行	rb_3	2
2013011392	2	北京周边五日以上度假旅行	rb_4	3
2013011392	2	北京周边游	rb_0	3
2013011392	2	北京周边游	rb_1	3
2013011392	2	北京周边游	rb_5	1
2013011392	2	北京周边游	rb_7	1
2013011392	2	北京周边游	rb_9	3
2013011392	1	破冰游戏十人	rb_0	3
2013011392	1	破冰游戏十人	rb_1	4
2013011392	1	破冰游戏十人	rb_3	2
2013011392	1	破冰游戏十人	rb_5	3
2013011392	1	破冰游戏十人	rb_9	3
2013011392	8	谷歌眼镜	rb_0	1
2013011392	8	谷歌眼镜	rb_2	1
2013011392	8	谷歌眼镜	rb_5	4
2013011392	8	谷歌眼镜	rb_6	2
2013011392	9	红牛副作用	rb_0	4
2013011392	9	红牛在哪些国家禁止销售	rb_0	4
2013011392	9	红牛在哪些国家禁止销售	rb_4	4
2013011392	10	港版iphone6	rb_0	4
2013011392	10	港版iphone6	rb_2	3
2013011392	10	港版iphone6	rb_3	4
2013011392	10	中国运营商支持港版iphone6	rb_0	3
2013011392	12	辽宁号	rb_7	4
2013011392	12	辽宁号	rb_9	4
2013011392	12	辽宁号优势	rb_2	4
2013011392	12	辽宁号优势	rb_4	2
2013011392	3	死飞自行车 清华附近	rb_0	3
2013011392	3	死飞自行车购买注意事项	rb_8	3
2013011392	3	死飞自行车购买注意事项	rb_9	3
2013011392	3	清华附近买自行车	rb_0	1
2013310564	13	法国队	rb_0	2
2013310564	13	法国队 98	rb_1	1
2013310564	13	法国队 98	rb_2	1
2013310564	13	法国队 98	rb_3	1
2013310564	13	法国队 98	rb_7	1
2013310564	13	法国队 98	rb_8	1
2013310564	13	法国队 98	rb_9	3
2014012991	8	谷歌眼镜	rb_2	1
2014012991	8	谷歌眼镜	rb_4	1
2014012991	8	谷歌眼镜	rb_5	4
2014012991	8	谷歌眼镜价格	rb_1	1
2014012991	8	谷歌眼镜价格	rb_3	4
2014012991	1	破冰游戏	rb_0	4
2014012991	1	破冰游戏	rb_1	1
2014012991	7	戒烟	rb_1	3
2014012991	7	戒烟好处	rb_0	4
2014012991	7	戒烟副作用	rb_2	3
2014012991	4	手提行李限制	rb_0	1
2014012991	4	手提行李限制	rb_1	1
2014012991	4	手提行李限制	rb_2	1
2014012991	4	手提行李限制	rb_6	3
2014012991	4	手提行李限制 国际航班	rb_1	3
2014012991	4	手提行李液体 国际航班	rb_1	1
2014012991	4	手提行李液体 国际航班	rb_4	1
2014012991	4	手提行李液体 	rb_2	3
2014012991	2	北京度假旅行	rb_4	1
2014012991	2	北京旅行	rb_0	1
2014012991	2	北京旅行5月	rb_0	1
2014012991	2	北京旅行5月	rb_9	4
2014012991	5	红斑狼疮治疗方法	rb_2	3
2014012991	5	红斑狼疮治疗方法	rb_4	3
2014012991	5	红斑狼疮 注意事项	rb_1	2
2014012991	5	红斑狼疮 注意事项	rb_3	4
2014012991	6	长期护理保险	rb_0	1
2014012991	6	长期护理保险	rb_1	1
2014012991	6	长期护理保险	rb_2	2
2014012991	6	长期护理保险	rb_3	2
2014012991	6	长期护理保险	rb_6	1
2014012991	6	长期护理保险 保费	rb_2	1
2014012991	6	长期护理保险 理赔金额	rb_1	1
2014012991	6	长期护理保险 健康保险	rb_0	1
2014012991	6	长期护理保险 健康保险	rb_3	1
2014012991	6	长期护理保险 健康保险	rb_4	2
2014012991	6	长期护理保险 健康保险	rb_5	3
2014012991	9	红牛副作用	rb_0	2
2014012991	9	红牛副作用	rb_1	3
2014012991	3	死飞自行车 清华	rb_0	1
2014012991	3	死飞自行车 清华	rb_1	1
2014012991	3	死飞 清华	rb_3	1
2014012991	3	死飞 海淀	rb_4	2
2014012991	3	死飞 价格	rb_0	2
2014012991	3	死飞 价格	rb_2	2
2014012991	3	死飞 价格	rb_3	2
2014012991	3	死飞 购买注意事项	rb_0	2
2014012991	3	死飞 购买注意事项	rb_1	1
2014012991	3	死飞 购买注意事项	rb_2	2
2014012991	10	港版iphone6	rb_3	3
2014012991	10	大陆iphone6	rb_6	1
2014012991	10	iphone6	rb_2	3
2014012991	10	iphone6 大陆 港版	rb_0	4
2014012991	10	iphone6 大陆 港版	rb_1	2
2014012991	10	iphone6 大陆 港版	rb_2	2
2014012991	12	辽宁号	rb_2	1
2014012991	12	辽宁号	rb_3	1
2014012991	12	辽宁号	rb_6	1
2014012991	12	辽宁号	rb_7	4
2014012991	12	辽宁号 优	rb_1	2
2014012991	12	辽宁号 不足	rb_1	3
2014012991	12	航母作用	rb_0	2
2014012991	12	航母作用	rb_3	3
2014012991	11	清华大学游泳馆	rb_2	2
2014012991	11	清华大学游泳馆时间	rb_0	1
2014012991	11	清华大学游泳馆时间	rb_1	1
2014012991	11	清华大学游泳馆时间	rb_2	2
2014012991	11	清华大学游泳馆时间	rb_7	1
2014012991	11	清华大学游泳馆 学生	rb_3	4
2013310564	13	法国队	rb_0	4
2013310564	13	法国队	rb_4	3
2013310564	13	法国队 98	rb_1	1
2013310564	13	法国队 98	rb_2	3
2013310564	13	法国队 98	rb_3	1
2013310564	13	法国队 98	rb_7	1
2013310564	13	法国队 98	rb_8	3
2013310564	13	法国队 98	rb_9	3
2014011004	1	破冰游戏 大约十人参与	rb_0	4
2014011004	1	破冰游戏 大约十人参与	rb_1	3
2014011004	1	破冰游戏 大约十人参与	rb_2	1
2014011004	1	破冰游戏 大约十人参与 新员工培训	rb_0	2
2014011004	1	破冰游戏 大约十人参与 新员工培训	rb_3	2
2014011004	1	破冰游戏 大约十人参与 新员工培训	rb_5	1
2014011004	10	港版iphone6	rb_3	4
2014011004	10	国行iphone6价格	rb_0	3
2014011004	10	国行iphone6价格	rb_2	2
2014011004	10	在香港如何购买iphone6	rb_0	3
2014011004	10	在香港如何购买iphone6	rb_5	1
2014011004	10	在香港如何购买iphone6	rb_7	2
2014011004	10	在香港如何购买iphone6	rb_10	4
2014011004	10	在香港如何购买iphone6	rb_12	1
2014011004	10	在香港购买iphone6需要缴纳关税吗	rb_0	2
2014011004	10	在香港购买iphone6需要缴纳关税吗	rb_5	3
2014011004	10	在香港购买iphone6需要缴纳关税吗	rb_9	3
2014011004	10	在香港购买iphone6需要缴纳关税吗	rb_11	1
2014011004	10	在香港购买iphone6需要缴纳关税吗	rb_19	3
2014011004	10	港版iphone6能使用国内运营商网络吗	rb_0	2
2014011004	10	港版iphone6能使用国内运营商网络吗	rb_7	2
2014011004	10	港版iphone6能使用国内运营商网络吗	rb_8	4
2014011004	5	红斑狼疮	rb_2	1
2014011004	5	红斑狼疮的注意事项和治疗措施	rb_0	2
2014011004	5	红斑狼疮的注意事项和治疗措施	rb_1	3
2014011004	5	红斑狼疮的注意事项和治疗措施	rb_3	1
2014011004	5	红斑狼疮的注意事项和治疗措施	rb_6	2
2014011004	5	红斑狼疮的注意事项和治疗措施	rb_8	3
2014011004	5	红斑狼疮的注意事项和治疗措施	rb_12	1
2014011004	5	红斑狼疮的注意事项和治疗措施	rb_14	1
2014011004	11	清华大学游泳馆	rb_0	2
2014011004	11	清华大学游泳馆所在地	rb_0	2
2014011004	11	清华大学游泳馆所在地	rb_2	2
2014011004	11	清华大学游泳馆所在地	rb_3	2
2014011004	11	清华大学游泳馆校内具体地点	rb_0	4
2014011004	11	清华大学游泳馆校内具体地点	rb_2	1
2014011004	11	清华大学游泳馆校内具体地点	rb_3	3
2014011004	11	清华大学游泳馆 校内具体位置	rb_6	2
2014011004	11	清华大学游泳馆 校内具体位置	rb_10	2
2014011004	3	购买死飞自行车 清华大学	rb_0	3
2014011004	3	购买死飞自行车 清华大学	rb_1	2
2014011004	3	购买死飞自行车渠道 清华大学	rb_0	1
2014011004	3	购买死飞自行车渠道 清华大学	rb_8	3
2014011004	3	购买死飞自行车的注意事项 	rb_29	4
2014011004	3	死飞自行车的价格区间 清华大学 	rb_0	3
2014011004	3	死飞自行车的价格区间 清华大学 	rb_1	1
2014011004	3	死飞自行车的价格区间 清华大学 	rb_7	3
2014011004	9	红牛是否有副作用	rb_2	1
2014011004	9	红牛是否有副作用	rb_5	2
2014011004	9	红牛饮料是否有副作用	rb_0	2
2014011004	9	红牛饮料是否有副作用	rb_1	3
2014011004	9	红牛饮料对健康有影响吗	rb_0	2
2014011004	9	红牛饮料中哪种原料对人体有害	rb_0	2
2014011004	9	红牛饮料中哪种原料对人体有害	rb_1	2
2014011004	9	红牛饮料中哪种原料对人体有害	rb_3	2
2014011004	9	红牛饮料中哪种原料对人体有害	rb_4	4
2014011004	9	哪些国家禁止销售红牛	rb_0	3
2014011004	9	哪些国家禁止销售红牛	rb_1	3
2014011004	9	哪些国家禁止销售红牛	rb_2	4
2014011004	9	哪些国家禁止销售红牛	rb_3	3
2014011004	9	哪些国家禁止销售红牛	rb_19	3
2014011004	4	国际航班手提行李体积重量限制	rb_0	4
2014011004	4	国际航班手提行李体积重量限制	rb_5	4
2014011004	4	国际航班手提行李体积重量限制	rb_8	3
2014011004	4	国际航班托运行李体积重量限制	rb_1	1
2014011004	4	国际航班托运行李体积重量限制	rb_3	2
2014011004	4	国际航班托运行李体积重量限制	rb_4	4
2014011004	4	国际航班手提行李能携带多少液体	rb_1	3
2014011004	4	国际航班手提行李能携带多少液体	rb_2	4
2014011004	4	国际航班手提行李能携带多少液体	rb_3	3
2014011004	4	国际航班手提行李能携带多少液体	rb_8	3
2014011004	4	国际航班哪些物品必须手提	rb_2	4
2014011004	4	国际航班哪些物品不能托运	rb_0	4
2014011004	4	国际航班哪些物品不能手提	rb_0	4
2014011004	4	国际航班哪些物品不能手提	rb_1	3
2014011004	7	戒烟	rb_2	4
2014011004	6	长期护理保险	rb_0	4
2014011004	6	长期护理保险	rb_1	4
2014011004	6	长期护理保险	rb_6	4
2014011004	6	长期护理保险 哪家公司	rb_0	1
2014011004	6	长期护理保险 哪家公司	rb_3	2
2014011004	6	长期护理保险保费和理赔金额	rb_2	3
2014011004	6	长期护理保险保费和理赔金额	rb_4	4
2014011004	6	公众对长期护理保险的看法	rb_1	4
2014011004	6	长期护理保险和健康保险的区别	rb_0	4
2014011004	2	北京周边度假旅行	rb_0	1
2014011004	2	北京周边度假旅行	rb_1	1
2014011004	2	北京周边度假旅行	rb_2	1
2014011004	2	北京周边地方度假旅游	rb_0	2
2014011004	2	北京周边地方度假旅游	rb_1	1
2014011004	2	北京周边地方度假旅游	rb_2	3
2014011004	2	北京周边地方度假七日旅游	rb_5	4
2014011004	2	北京周边地方七日游	rb_12	1
2014011004	2	北京周边七日游	rb_1	1
2014011004	12	辽宁号	rb_4	2
2014011004	12	辽宁号	rb_7	1
2014011004	12	辽宁号	rb_9	1
2014011004	12	辽宁号基本信息	rb_3	4
2014011004	12	辽宁号基本信息	rb_7	4
2014011004	12	航母的战略作用	rb_2	4
2014011004	12	辽宁号相比较其他航母的优势和劣势	rb_0	1
2014011004	12	辽宁号相比较其他国家航母的优势和劣势	rb_2	3
2014011004	8	谷歌眼镜	rb_2	1
2014011004	8	谷歌眼镜的功能	rb_0	3
2014011004	8	谷歌眼镜的功能	rb_1	4
2014011004	8	谷歌眼镜的功能	rb_5	3
2014011004	8	谷歌眼镜的使用方式	rb_0	2
2014011004	8	谷歌眼镜的价格	rb_0	1
2014011004	8	谷歌眼镜的价格	rb_2	2
2014011004	8	谷歌眼镜的价格	rb_8	1
2013310564	13	法国队	rb_0	2
2013310564	13	法国队	rb_2	4
2013310564	13	法国队	rb_4	1
2013310564	13	法国队	rb_7	1
2013310564	13	法国队 98	rb_1	2
2013310564	13	法国队 98	rb_2	3
2013310564	13	法国队 98	rb_3	1
2013310564	13	法国队 98	rb_7	4
2013310564	13	法国队 98	rb_8	3
2013310564	13	法国队 98	rb_9	2
2011011268	8	谷歌眼镜	rb_0	1
2011011268	8	谷歌眼镜	rb_1	1
2011011268	8	谷歌眼镜	rb_4	3
2011011268	8	谷歌眼镜	rb_17	4
2011011268	8	谷歌眼镜 功能	rb_1	3
2011011268	8	谷歌眼镜 售价	rb_3	3
2011011268	8	谷歌眼镜 售价	rb_4	1
2011011268	8	谷歌眼镜 售价	rb_7	3
2011011268	8	谷歌眼镜 价格 2014	rb_0	4
2011011268	8	谷歌眼镜 价格 2014	rb_3	4
2011011268	8	谷歌眼镜 使用方法	rb_0	3
2011011268	8	谷歌眼镜 使用方法	rb_3	4
2011011268	6	长期护理保险	rb_0	2
2011011268	6	长期护理保险	rb_1	2
2011011268	6	长期护理保险	rb_2	2
2011011268	6	长期护理保险	rb_3	2
2011011268	6	长期护理保险 保费	rb_1	1
2011011268	6	长期护理保险 保费	rb_5	1
2011011268	6	长期护理保险 保费 元	rb_0	4
2011011268	6	长期护理保险 保费 元	rb_6	4
2011011268	6	长期护理保险 理赔金额 元	rb_5	4
2011011268	6	长期护理保险 昆仑	rb_0	3
2011011268	11	清华大学游泳馆	rb_0	4
2011011268	11	清华大学游泳馆	rb_1	3
2011011268	11	清华大学游泳馆	rb_2	3
2011011268	11	清华大学游泳馆 开放时间	rb_0	2
2011011268	11	清华大学游泳馆 开放时间	rb_5	1
2011011268	11	清华大学游泳馆 开放时间	rb_12	4
2011011268	11	清华大学游泳馆 开放时间	rb_14	4
2011011268	2	北京度假旅行	rb_1	4
2011011268	2	北京 旅行 五一	rb_0	2
2011011268	2	北京周边 旅行 五一	rb_0	4
2011011268	2	北京周边 旅行 五一	rb_1	4
2011011268	2	北京周边 旅行 五一	rb_5	4
2011011268	2	北京周边 旅行 五一	rb_6	2
2011011268	2	北京周边 旅行 五一	rb_7	4
2011011268	2	北京周边 旅行 五一	rb_9	3
2011011268	2	北京 京西草原	rb_0	4
2011011268	2	北京 京西草原	rb_2	4
2011011268	2	北京 京西草原 交通	rb_0	4
2011011268	1	破冰游戏	rb_0	4
2011011268	1	破冰游戏 员工培训	rb_2	1
2011011268	1	破冰游戏 员工培训	rb_4	3
2011011268	1	破冰游戏 员工培训	rb_10	3
2011011268	1	破冰游戏 员工培训	rb_13	4
2011011268	3	死飞 清华	rb_0	2
2011011268	3	死飞 清华	rb_1	3
2011011268	3	死飞 清华	rb_3	1
2011011268	3	死飞 清华	rb_5	3
2011011268	3	死飞自行车 清华	rb_0	2
2011011268	3	死飞自行车 清华	rb_1	1
2011011268	3	死飞自行车 清华大学	rb_5	3
2011011268	3	死飞自行车 海淀	rb_0	3
2011011268	3	死飞自行车  购买 注意	rb_2	4
2011011268	7	戒烟	rb_1	4
2011011268	7	戒烟	rb_2	4
2011011268	7	戒烟 坏处	rb_2	1
2011011268	7	戒烟 坏处	rb_6	3
2011011268	7	戒烟 坏处	rb_8	4
2011011268	9	红牛 副作用	rb_0	2
2011011268	9	红牛 副作用	rb_1	2
2011011268	9	红牛 副作用	rb_7	4
2011011268	9	红牛 副作用	rb_8	1
2011011268	9	红牛 副作用	rb_12	1
2011011268	9	禁止红牛销售 国家	rb_1	4
2011011268	9	禁止红牛销售 国家	rb_2	4
2011011268	9	红牛 副作用	rb_0	1
2011011268	9	红牛 副作用	rb_1	2
2011011268	9	红牛 副作用	rb_7	4
2011011268	9	红牛 副作用	rb_8	3
2011011268	9	红牛 副作用	rb_12	3
2011011268	5	红斑狼疮	rb_0	1
2011011268	5	红斑狼疮	rb_4	2
2011011268	5	红斑狼疮 注意事项	rb_0	4
2011011268	5	红斑狼疮 注意事项	rb_3	4
2011011268	5	红斑狼疮 治疗方法	rb_1	4
2011011268	5	红斑狼疮 治疗方法	rb_7	4
2011011268	5	红斑狼疮 治疗方法	rb_9	4
2011011268	5	红斑狼疮 治疗方法	rb_12	3
2011011268	10	港版iphone6 如何购买	rb_0	4
2011011268	10	港版iphone6 关税	rb_0	2
2011011268	10	港版iphone6 关税	rb_1	2
2011011268	10	港版iphone6 关税	rb_3	1
2011011268	10	港版iphone6 关税	rb_7	4
2011011268	10	港版iphone6 关税	rb_8	3
2011011268	12	辽宁号航母 基本信息	rb_0	1
2011011268	12	辽宁号航母 基本信息	rb_1	4
2011011268	12	辽宁号航母 历史	rb_2	2
2011011268	12	辽宁号航母 历史	rb_3	4
2011011268	12	航母 战略作用	rb_1	3
2011011268	12	辽宁号航母 对比	rb_0	3
2011011268	12	辽宁号航母 对比	rb_1	3
2011011268	12	辽宁号航母 对比	rb_4	1
2011011268	12	辽宁号航母 实力	rb_0	3
2011011268	12	辽宁号航母 实力	rb_8	3
2011011268	4	手提行李限制	rb_0	4
2011011268	4	托运行李限制	rb_1	2
2011011268	4	托运行李限制	rb_4	4
2011011268	4	行李 液体	rb_2	2
2011011268	4	行李 液体	rb_6	3
2011011268	4	只允许托运 物品	rb_7	4
2013310564	13	法国队	rb_0	3
2013310564	13	法国队	rb_2	3
2013310564	13	法国队	rb_4	3
2013310564	13	法国队	rb_7	2
2013310564	13	法国队 98	rb_1	3
2013310564	13	法国队 98	rb_2	3
2013310564	13	法国队 98	rb_3	4
2013310564	13	法国队 98	rb_7	4
2013310564	13	法国队 98	rb_8	2
2013310564	13	法国队 98	rb_9	3
2013310564	13	法国队 夺冠 足球	rb_7	3
2013310564	13	法国队 夺冠 足球 1998	rb_0	3
2013310564	13	法国队 夺冠 足球 1998	rb_1	3
2011010412	7	戒烟	rb_0	3
2011010412	7	戒烟	rb_2	4
2011010412	10	港版iphone6	rb_0	1
2011010412	10	港版iphone6	rb_1	3
2011010412	10	港版iphone6 在哪买	rb_0	1
2011010412	10	港版iphone6 在哪买	rb_1	2
2011010412	10	港版iphone6 在哪买	rb_4	1
2011010412	10	港版iphone6 运营商	rb_3	4
2011010412	10	港版iphone6 入关	rb_0	3
2011010412	10	港版iphone6 入关	rb_1	2
2011010412	10	港版iphone6 入关关税	rb_1	1
2011010412	10	港版iphone6 入关关税	rb_6	3
2011010412	10	港版国行iphone6 价格对比	rb_0	1
2011010412	10	港版国行iphone6 价格	rb_2	2
2011010412	9	红牛	rb_3	3
2011010412	9	红牛副作用	rb_0	2
2011010412	9	红牛副作用	rb_1	4
2011010412	9	红牛副作用	rb_3	3
2011010412	9	红牛副作用	rb_4	2
2011010412	9	红牛副作用	rb_5	1
2011010412	9	红牛副作用	rb_7	2
2011010412	9	红牛副作用	rb_14	2
2011010412	9	禁卖红牛的国家	rb_1	2
2011010412	9	禁卖红牛的国家	rb_3	2
2011010412	9	禁卖红牛 	rb_28	3
2011010412	3	死飞自行车 清华	rb_1	2
2011010412	3	死飞 清华	rb_4	1
2011010412	3	清华买死飞	rb_0	3
2011010412	3	清华买死飞	rb_10	2
2011010412	3	清华 死飞 推荐	rb_0	3
2011010412	3	清华 死飞 推荐	rb_11	1
2011010412	3	买死飞 注意事项	rb_0	1
2011010412	3	买死飞 注意事项	rb_2	4
2011010412	3	买死飞 注意事项	rb_7	1
2011010412	3	网上买死飞 注意事项	rb_2	1
2011010412	2	北京度假旅行	rb_1	1
2011010412	2	北京度假旅行	rb_7	1
2011010412	2	北京周边旅游推荐	rb_0	2
2011010412	2	北京周边旅游推荐	rb_1	2
2011010412	2	北京5月 周边旅游推荐	rb_1	1
2011010412	2	北京5月 周边旅游推荐	rb_5	2
2011010412	2	北京5月 周边旅游推荐	rb_9	3
2011010412	2	北京5月 周边旅游 报价	rb_0	1
2011010412	2	北京5月 周边旅游 攻略	rb_0	1
2011010412	2	北京5月 周边旅游 攻略	rb_7	1
2011010412	2	北京5月 度假 攻略	rb_19	2
2011010412	2	北京周边5月 度假 攻略	rb_8	2
2011010412	2	北京周边5月 度假 攻略	rb_9	1
2011010412	2	怀柔度假村 3日游 花费	rb_0	1
2011010412	2	怀柔度假村 3日游 花费	rb_10	3
2011010412	5	红斑狼疮	rb_1	1
2011010412	5	红斑狼疮	rb_2	3
2011010412	5	红斑狼疮	rb_4	4
2011010412	5	红斑狼疮 治疗	rb_2	3
2011010412	5	红斑狼疮 治疗	rb_4	2
2011010412	5	红斑狼疮 治疗	rb_5	4
2011010412	5	红斑狼疮 治疗	rb_7	1
2011010412	5	红斑狼疮 治疗	rb_8	1
2011010412	5	红斑狼疮 治疗	rb_10	2
2011010412	5	红斑狼疮 治疗	rb_17	1
2011010412	5	红斑狼疮 治疗方法	rb_1	1
2011010412	5	红斑狼疮 治疗措施	rb_0	3
2011010412	4	国际航班 行李物品要求	rb_5	1
2011010412	4	国际航班 液体托运	rb_4	4
2011010412	4	国际航班 液体登机	rb_3	3
2011010412	12	辽宁号	rb_2	2
2011010412	12	辽宁号	rb_5	4
2011010412	12	辽宁号 战略意义	rb_1	4
2011010412	12	辽宁号 战略意义	rb_5	2
2011010412	1	破冰游戏	rb_1	2
2011010412	1	破冰游戏 员工 十人	rb_0	3
2011010412	1	破冰游戏 员工 十人	rb_1	1
2011010412	1	破冰游戏 员工 十人	rb_5	3
2011010412	1	破冰游戏 员工 十人	rb_7	1
2011010412	1	破冰游戏  十人	rb_0	3
2011010412	1	破冰游戏  十人	rb_5	1
2011010412	1	破冰游戏  十人	rb_7	4
2011010412	8	谷歌眼镜	rb_0	1
2011010412	8	谷歌眼镜	rb_1	2
2011010412	8	谷歌眼镜	rb_2	1
2011010412	8	谷歌眼镜	rb_3	2
2011010412	8	谷歌眼镜	rb_4	3
2011010412	8	谷歌眼镜	rb_6	1
2011010412	8	谷歌眼镜	rb_12	4
2011010412	8	谷歌眼镜	rb_15	2
2011010412	11	清华大学游泳馆	rb_0	1
2011010412	11	清华大学游泳馆	rb_3	1
2011010412	11	清华大学游泳馆	rb_9	4
2011010412	11	清华大学游泳馆	rb_12	1
2011010412	11	清华大学游泳馆	rb_16	2
2011010412	11	清华大学游泳馆开放时间	rb_1	1
2011010412	11	清华大学游泳馆开放时间	rb_4	1
2011010412	11	清华大学游泳馆开放时间	rb_9	2
2011010412	11	清华陈明游泳馆 开放时间	rb_6	4
2011010412	11	清华陈明游泳馆 价格	rb_0	2
2011010412	11	清华 游泳卡	rb_2	2
2011010412	11	清华 游泳卡	rb_6	3
2011010412	11	清华 游泳卡	rb_23	1
2011010412	11	清华 游泳卡	rb_24	3
2011010412	6	长期护理保险	rb_0	4
2011010412	6	长期护理保险	rb_5	3
2011010412	6	长期护理保险	rb_7	3
2011010412	6	长期护理保险	rb_9	2
2011010412	6	长期护理保险	rb_11	1
2011010412	6	长期护理保险	rb_14	3
2011010412	6	长期护理保险 保险公司	rb_5	4
2011010412	6	长期护理保险 保险公司	rb_6	3
2011010412	6	长期护理保险 保险公司	rb_7	2
2011010412	6	长期护理保险 保费 理赔金额	rb_0	2
2011010412	6	长期护理保险 保费 理赔金额	rb_7	3
2011010412	6	长期护理保险 保费 理赔金额	rb_8	1
2011010412	6	长期护理保险 保费	rb_2	3
2013310564	13	法国队	rb_0	1
2013310564	13	法国队	rb_2	3
2013310564	13	法国队	rb_4	3
2013310564	13	法国队	rb_7	2
2013310564	13	法国队	rb_23	3
2013310564	13	法国队 98	rb_1	3
2013310564	13	法国队 98	rb_2	3
2013310564	13	法国队 98	rb_3	1
2013310564	13	法国队 98	rb_7	3
2013310564	13	法国队 98	rb_8	1
2013310564	13	法国队 98	rb_9	3
2013310564	13	法国队 夺冠 足球	rb_7	3
2013310564	13	法国队 夺冠 足球 1998	rb_0	3
2013310564	13	法国队 夺冠 足球 1998	rb_1	3
2013010775	2	北京度假旅行	rb_0	2
2013010775	2	北京度假旅行	rb_1	2
2013010775	2	北京度假旅行	rb_9	1
2013010775	2	北京周边 旅游	rb_0	3
2013010775	3	清华大学 死飞	rb_0	2
2013010775	3	清华大学 死飞	rb_1	2
2013010775	3	死飞 五道口	rb_0	2
2013010775	3	死飞 五道口	rb_1	2
2013010775	3	死飞 清华大学	rb_0	2
2013010775	3	菜户营桥西公交站	rb_0	2
2013010775	3	菜户营桥西公交站 地图	rb_3	2
2013010775	3	死飞 清华附近	rb_3	3
2013010775	3	死飞公园 清华附近	rb_2	2
2013010775	3	死飞公园 清华附近	rb_7	2
2013010775	3	死飞公园 清华附近	rb_8	3
2013010775	11	清华大学游泳馆	rb_0	1
2013010775	11	清华大学 游泳馆	rb_4	2
2013010775	11	清华大学 游泳馆	rb_8	2
2013010775	11	清华大学 陈明游泳馆	rb_2	3
2013010775	11	清华大学 陈明游泳馆 价格	rb_4	3
2013010775	1	破冰游戏 10人	rb_0	4
2013010775	9	红牛 副作用	rb_0	4
2013010775	9	禁止销售 红牛 国家	rb_0	2
2013010775	9	禁止销售 红牛 国家	rb_1	2
2013010775	9	禁止销售 红牛 国家	rb_4	3
2013010775	7	戒烟	rb_1	3
2013010775	7	戒烟 好处	rb_0	3
2013010775	12	辽宁号	rb_7	4
2013010775	12	辽宁号 战略作用	rb_4	3
2013010775	12	辽宁号 战略作用	rb_6	3
2013010775	10	港版iphone6	rb_2	3
2013010775	10	港版iphone6 大陆iphone6	rb_2	3
2013010775	10	港版iphone6  价格	rb_0	3
2013010775	10	国行iphone6  价格	rb_0	3
2013010775	10	国行iphone6  价格	rb_1	3
2013010775	6	长期护理保险	rb_0	3
2013010775	6	长期护理保险	rb_6	3
2013010775	6	长期护理保险 公司	rb_3	3
2013010775	6	长期护理保险 公众看法	rb_1	3
2013010775	4	美国 手提行李限制	rb_1	3
2013010775	4	美国 托运行李限制	rb_1	3
2013010775	4	手提行李限制 液体	rb_3	3
2013010775	5	红斑狼疮 百科	rb_2	4
2013010775	5	红斑狼疮 注意事项	rb_2	3
2013010775	5	红斑狼疮 注意事项	rb_3	3
2013010775	8	谷歌眼镜	rb_2	3
2013010775	8	谷歌眼镜	rb_4	3
2013010775	8	谷歌眼镜 使用方式	rb_6	3
2013310564	13	法国队	rb_0	3
2013310564	13	法国队	rb_2	3
2013310564	13	法国队	rb_4	3
2013310564	13	法国队	rb_7	1
2013310564	13	法国队	rb_8	3
2013310564	13	法国队	rb_23	3
2013310564	13	法国队 98	rb_1	3
2013310564	13	法国队 98	rb_2	1
2013310564	13	法国队 98	rb_3	3
2013310564	13	法国队 98	rb_7	3
2013310564	13	法国队 98	rb_8	1
2013310564	13	法国队 98	rb_9	1
2013310564	13	法国队 夺冠 足球	rb_7	1
2013310564	13	法国队 夺冠 足球 1998	rb_0	3
2013310564	13	法国队 夺冠 足球 1998	rb_1	3
2013010773	9	红牛	rb_3	2
2013010773	9	红牛	rb_19	2
2013010773	9	红牛的危害	rb_0	1
2013010773	9	红牛的危害	rb_1	1
2013010773	9	红牛的危害	rb_7	1
2013010773	9	红牛的危害	rb_9	1
2013010773	9	红牛的原料	rb_0	1
2013010773	9	红牛的原料哪些对人体有害	rb_2	4
2013010773	9	哪些国家禁止销售红牛	rb_0	3
2013010773	9	哪些国家禁止销售红牛	rb_2	1
2013010773	4	手提行李限制	rb_1	2
2013010773	4	手提行李限制	rb_3	2
2013010773	4	手提行李限制	rb_6	2
2013010773	4	托运行李限制	rb_1	2
2013010773	4	托运行李限制	rb_2	1
2013010773	4	托运行李限制	rb_3	2
2013010773	4	托运行李限制	rb_5	2
2013010773	4	托运行李限制	rb_12	1
2013010773	4	国际航班中手提行李中可以有多少液体	rb_7	1
2013010773	4	手提行李 液体	rb_2	1
2013010773	4	液体、气雾剂及凝胶在国际航班上的规定	rb_0	4
2013010773	4	手提行李中不能携带的物品	rb_1	1
2013010773	4	手提行李中不能携带的物品	rb_5	2
2013010773	4	哪些物品只能托运	rb_7	1
2013010773	6	长期护理保险	rb_0	3
2013010773	6	长期护理保险	rb_1	2
2013010773	6	长期护理保险	rb_3	1
2013010773	6	长期护理保险	rb_5	1
2013010773	6	长期护理保险	rb_7	2
2013010773	6	长期护理保险	rb_14	1
2013010773	6	长期护理保险的保费	rb_0	1
2013010773	6	长期护理保险的保费	rb_5	1
2013010773	6	哪些公司提供长期护理保险	rb_3	1
2013010773	6	长期护理保险 保险公司	rb_2	3
2013010773	6	长期护理保险 国泰人寿	rb_0	2
2013010773	6	长期护理保险 国泰人寿	rb_1	1
2013010773	6	长期护理保险 国泰人寿	rb_3	1
2013010773	6	长期护理保险与健康保险的区别	rb_0	1
2013010773	6	长期护理保险与健康保险的区别	rb_3	1
2013010773	6	健康保险	rb_0	1
2013010773	1	破冰游戏	rb_0	3
2013010773	1	新员工培训时的破冰游戏	rb_0	4
2013010773	1	新员工培训时的破冰游戏	rb_1	1
2013010773	7	戒烟	rb_1	4
2013010773	7	戒烟	rb_7	4
2013010773	2	北京度假旅行	rb_0	1
2013010773	2	北京度假旅行	rb_1	1
2013010773	2	北京度假旅行	rb_7	1
2013010773	2	北京度假旅行	rb_10	1
2013010773	2	北京周边的度假胜地	rb_0	1
2013010773	2	北京周边的度假胜地	rb_4	3
2013010773	2	北京旅游花费	rb_2	2
2013010773	2	北京旅游住宿花费	rb_1	1
2013010773	8	谷歌眼镜	rb_2	1
2013010773	8	谷歌眼镜	rb_4	3
2013010773	8	谷歌眼镜	rb_5	3
2013010773	8	谷歌眼镜使用方式	rb_1	3
2013010773	8	谷歌眼镜售价	rb_1	1
2013010773	8	谷歌眼镜售价	rb_3	1
2013010773	3	死飞自行车	rb_2	4
2013010773	3	清华大学附近购买死飞自行车的渠道	rb_0	1
2013010773	3	购买死飞自行车	rb_8	2
2013010773	10	港版iphone6	rb_2	3
2013010773	10	港版iphone6	rb_3	2
2013010773	10	国内iphone6售价	rb_0	3
2013010773	10	国内iphone6售价	rb_5	3
2013010773	10	如何购买港版iphone6	rb_0	3
2013010773	10	如何购买港版iphone6	rb_1	3
2013010773	11	清华大学游泳馆	rb_0	1
2013010773	11	清华大学游泳馆	rb_2	1
2013010773	11	清华大学游泳馆	rb_8	3
2013010773	11	清华大学游泳馆位置	rb_2	2
2013010773	11	清华大学游泳馆位置	rb_3	1
2013010773	11	清华大学游泳馆位置	rb_6	3
2013010773	11	清华大学游泳馆开放时间	rb_1	4
2013010773	11	清华大学游泳馆开放时间	rb_9	1
2013010773	5	红斑狼疮	rb_0	1
2013010773	5	红斑狼疮	rb_1	1
2013010773	5	红斑狼疮	rb_2	2
2013010773	5	红斑狼疮	rb_5	3
2013010773	5	红斑狼疮的治疗	rb_0	1
2013010773	5	红斑狼疮的治疗	rb_1	2
2013010773	5	红斑狼疮的治疗	rb_3	3
2013010773	12	辽宁号	rb_2	2
2013010773	12	辽宁号	rb_5	4
2013010773	12	辽宁号	rb_7	1
2013010773	12	辽宁号的优劣	rb_0	1
2013010773	12	辽宁号的优劣	rb_4	1
2013310564	13	法国队 世界杯 夺冠	rb_1	1
2013310564	13	法国队 世界杯 夺冠	rb_3	3
2013310564	13	法国队 世界杯 夺冠 历程	rb_0	3
2014010728	12	辽宁号	rb_2	3
2014010728	12	辽宁号	rb_3	2
2014010728	12	辽宁号	rb_7	4
2014010728	12	辽宁号 比较	rb_0	2
2014010728	12	辽宁号 比较	rb_1	3
2014010728	12	辽宁号 比较	rb_4	3
2014010728	12	辽宁号 与其他国家航母比较	rb_0	2
2014010728	12	辽宁号 与其他国家航母比较	rb_4	3
2014010728	12	辽宁号 与其他国家航母比较	rb_6	1
2014010728	12	辽宁号 其他国家航母 比较	rb_0	3
2014010728	4	手提行李限制	rb_0	2
2014010728	4	手提行李限制	rb_1	2
2014010728	4	留美 国际航班 手提行李限制	rb_2	2
2014010728	4	留美 行李限制	rb_0	3
2014010728	4	留美 行李限制	rb_6	4
2014010728	4	留美 行李限制	rb_8	4
2014010728	4	留美 行李限制	rb_10	3
2014010728	4	留美 行李限制	rb_14	2
2014010728	4	留美 手提行李 液体	rb_1	4
2014010728	4	留美 手提行李 液体	rb_7	3
2014010728	4	留美 手提行李 液体	rb_8	4
2014010728	4	留美 什么必须托运	rb_0	2
2014010728	4	留美 什么必须托运	rb_7	2
2014010728	4	留美 行李中什么必须托运	rb_1	1
2014010728	7	戒烟	rb_0	4
2014010728	7	戒烟	rb_2	4
2014010728	7	戒烟	rb_7	4
2014010728	7	戒烟	rb_8	4
2014010728	7	戒烟副作用	rb_2	3
2014010728	7	戒烟方法	rb_1	4
2014010728	8	谷歌眼镜	rb_2	2
2014010728	8	谷歌眼镜	rb_3	4
2014010728	8	谷歌眼镜	rb_5	4
2014010728	6	长期护理保险	rb_0	3
2014010728	6	长期护理保险	rb_2	2
2014010728	6	长期护理保险	rb_5	4
2014010728	6	长期护理保险	rb_6	4
2014010728	6	长期护理保险	rb_7	4
2014010728	6	长期护理保险	rb_9	4
2014010728	6	提供长期护理的保险公司有哪些	rb_1	1
2014010728	6	提供长期护理的保险公司有哪些	rb_2	3
2014010728	6	提供长期护理的保险公司有哪些	rb_5	2
2014010728	6	保险公司	rb_1	1
2014010728	6	保险公司	rb_3	1
2014010728	3	清华大学附近 死飞自行车	rb_0	4
2014010728	3	清华附近自行车店	rb_1	1
2014010728	3	清华附近自行车店	rb_4	1
2014010728	3	清华附近自行车店	rb_5	1
2014010728	3	清华附近自行车店	rb_6	1
2014010728	3	清华附近自行车店	rb_7	1
2014010728	3	清华 附近  死飞	rb_0	4
2014010728	3	清华 附近  死飞	rb_6	1
2014010728	3	清华 附近  死飞	rb_8	1
2014010728	3	清华 附近  死飞	rb_9	1
2014010728	10	港版iphone6	rb_2	4
2014010728	10	港版iphone6	rb_3	4
2014010728	10	iphone6价格	rb_0	4
2014010728	10	在香港购买iphone6价格	rb_2	4
2014010728	10	在香港购买iphone6价格	rb_4	4
2014010728	10	在香港购买iphone6价格	rb_5	3
2014010728	10	在香港购买iphone6价格	rb_6	3
2014010728	10	在香港购买iphone6价格	rb_7	3
2014010728	9	红牛健康问题	rb_0	4
2014010728	9	红牛健康问题	rb_3	3
2014010728	9	哪些国家禁售红牛	rb_1	3
2014010728	9	哪些国家禁售红牛	rb_9	4
2014010728	11	清华大学游泳馆	rb_3	2
2014010728	11	清华大学游泳馆	rb_4	2
2014010728	11	清华大学游泳馆	rb_7	2
2014010728	11	清华大学游泳馆	rb_9	4
2014010728	11	清华大学游泳馆地址	rb_0	3
2014010728	11	清华大学游泳馆地址	rb_2	2
2014010728	11	清华大学游泳馆地址	rb_6	1
2014010728	1	破冰游戏	rb_0	3
2014010728	1	破冰游戏	rb_2	4
2014010728	1	员工破冰游戏	rb_1	4
2014010728	1	员工破冰游戏	rb_4	4
2014010728	1	员工破冰游戏	rb_7	4
2014010728	2	北京周边度假旅行	rb_1	3
2014010728	2	北京出发五月一周度假旅行	rb_0	2
2014010728	2	北京出发五月一周度假旅行	rb_3	2
2014010728	2	北京出发五月一周度假旅行	rb_4	4
2014010728	2	北京出发五月一周度假旅行	rb_7	2
2014010728	2	旅行	rb_0	1
2014010728	2	旅行路线	rb_1	4
2014010728	5	红斑狼疮	rb_4	4
2013310564	13	法国队	rb_0	3
2013310564	13	法国队	rb_2	3
2013310564	13	法国队	rb_4	1
2013310564	13	法国队	rb_6	1
2013310564	13	法国队	rb_7	1
2013310564	13	法国队	rb_8	1
2013310564	13	法国队	rb_23	1
2013310564	13	法国队 98	rb_0	3
2013310564	13	法国队 98	rb_1	1
2013310564	13	法国队 98	rb_2	1
2013310564	13	法国队 98	rb_3	1
2013310564	13	法国队 98	rb_7	1
2013310564	13	法国队 98	rb_8	1
2013310564	13	法国队 98	rb_9	1
2013310564	13	法国队 夺冠 足球	rb_7	1
2013310564	13	法国队 夺冠 足球 1998	rb_0	1
2013310564	13	法国队 夺冠 足球 1998	rb_1	1
2013310564	13	法国队 世界杯 夺冠	rb_1	3
2013310564	13	法国队 世界杯 夺冠	rb_3	3
2013310564	13	法国队 世界杯 夺冠 历程	rb_0	1
2013011395	11	清华大学游泳馆	rb_0	2
2013011395	11	清华大学游泳馆	rb_1	1
2013011395	11	清华大学游泳馆	rb_3	1
2013011395	11	清华大学游泳馆	rb_9	3
2013011395	11	清华大学游泳馆	rb_21	1
2013011395	11	清华大学游泳馆	rb_27	1
2013011395	11	清华大学陈明游泳馆	rb_3	3
2013011395	11	清华大学陈明游泳馆 价格	rb_1	1
2013011395	7	戒烟	rb_0	1
2013011395	7	戒烟	rb_1	2
2013011395	7	戒烟	rb_2	4
2013011395	7	戒烟	rb_4	1
2013011395	7	戒烟	rb_7	2
2013011395	7	戒烟	rb_13	1
2013011395	7	戒烟	rb_17	2
2013011395	7	戒烟 副作用	rb_3	3
2013011395	6	长期护理保险	rb_0	3
2013011395	6	长期护理保险	rb_1	3
2013011395	6	长期护理保险	rb_4	1
2013011395	6	长期护理保险	rb_5	1
2013011395	6	长期护理保险	rb_6	3
2013011395	6	长期护理保险	rb_7	2
2013011395	6	长期护理保险	rb_8	3
2013011395	4	手提行李限制	rb_0	4
2013011395	4	手提行李限制	rb_1	2
2013011395	4	手提行李限制	rb_2	3
2013011395	4	手提行李限制	rb_6	2
2013011395	4	手提行李限制	rb_8	2
2013011395	4	国际航班 托运行李	rb_0	2
2013011395	4	国际航班 托运行李	rb_3	3
2013011395	4	国际航班 托运行李	rb_9	2
2013011395	12	辽宁号	rb_2	2
2013011395	12	辽宁号	rb_7	4
2013011395	12	辽宁号	rb_9	4
2013011395	12	辽宁号 战略价值	rb_1	3
2013011395	12	辽宁号 战略价值	rb_2	2
2013011395	12	辽宁号 战略价值	rb_5	3
2013011395	10	港版iphone6	rb_0	1
2013011395	10	港版iphone6	rb_3	2
2013011395	10	港版iphone6	rb_10	1
2013011395	10	港版iphone6	rb_20	1
2013011395	10	港版iphone6	rb_27	1
2013011395	10	港版iphone6价格	rb_1	3
2013011395	10	港版iphone6 关税	rb_0	2
2013011395	10	港版iphone6 关税	rb_1	2
2013011395	10	港版iphone6 关税	rb_3	1
2013011395	10	港版iphone6 关税	rb_6	1
2013011395	10	港版iphone6 关税	rb_8	2
2013011395	10	港版iphone6 内地运营商	rb_3	3
2013011395	3	死飞自行车	rb_0	1
2013011395	3	死飞自行车	rb_1	1
2013011395	3	死飞自行车	rb_2	1
2013011395	3	死飞自行车	rb_7	1
2013011395	3	清华大学 死飞自行车	rb_1	2
2013011395	3	死飞自行车 清华大学	rb_2	1
2013011395	3	死飞自行车 清华大学	rb_7	2
2013011395	3	清华大学 自行车	rb_6	1
2013011395	3	清华大学 自行车市场	rb_1	2
2013011395	3	清华大学 死飞自行车市场	rb_1	2
2013011395	8	谷歌眼镜	rb_0	1
2013011395	8	谷歌眼镜	rb_2	2
2013011395	8	谷歌眼镜	rb_6	2
2013011395	8	谷歌眼镜	rb_11	2
2013011395	8	谷歌眼镜	rb_17	3
2013011395	8	谷歌眼镜	rb_19	1
2013011395	8	谷歌眼镜 价格	rb_0	2
2013011395	8	谷歌眼镜 价格	rb_2	2
2013011395	8	谷歌眼镜 价格	rb_3	2
2013011395	8	谷歌眼镜 价格	rb_5	1
2013011395	8	谷歌眼镜 使用方式	rb_6	3
2013011395	8	谷歌眼镜 使用方式	rb_12	1
2013011395	1	破冰游戏	rb_0	3
2013011395	1	破冰游戏	rb_1	4
2013011395	1	破冰游戏	rb_4	3
2013011395	1	破冰游戏 自我介绍	rb_0	1
2013011395	1	破冰游戏 自我介绍	rb_4	1
2013011395	2	北京度假旅行	rb_7	3
2013011395	2	北京度假旅行	rb_9	2
2013011395	2	北京度假旅行	rb_21	1
2013011395	2	5月在北京度假旅行	rb_8	2
2013011395	5	红斑狼疮	rb_0	2
2013011395	5	红斑狼疮	rb_2	2
2013011395	5	红斑狼疮	rb_4	1
2013011395	5	红斑狼疮	rb_8	4
2013011395	5	红斑狼疮 注意事项事项	rb_1	4
2013011395	5	红斑狼疮 治疗方法	rb_1	3
2013011395	9	红牛	rb_3	1
2013011395	9	红牛	rb_29	1
2013011395	9	红牛 副作用	rb_0	3
2013011395	9	红牛 副作用	rb_1	3
2013011395	9	红牛 副作用	rb_4	3
2013011395	9	红牛 副作用	rb_7	2
2013011395	9	红牛 副作用	rb_8	1
2013011395	9	红牛 副作用	rb_9	1
2013011395	9	红牛 副作用	rb_12	1
2013011395	9	红牛 副作用	rb_14	2
2013011395	9	红牛 禁售	rb_0	2
2013011395	9	红牛 禁售	rb_9	2
2013310564	13	法国队	rb_0	1
2013310564	13	法国队	rb_2	1
2013310564	13	法国队	rb_4	1
2013310564	13	法国队	rb_6	1
2013310564	13	法国队	rb_7	1
2013310564	13	法国队	rb_8	1
2013310564	13	法国队	rb_23	1
2013310564	13	法国队 98	rb_0	1
2013310564	13	法国队 98	rb_1	1
2013310564	13	法国队 98	rb_2	1
2013310564	13	法国队 98	rb_3	1
2013310564	13	法国队 98	rb_7	1
2013310564	13	法国队 98	rb_8	1
2013310564	13	法国队 98	rb_9	1
2013310564	13	法国队 夺冠 足球	rb_7	4
2013310564	13	法国队 夺冠 足球 1998	rb_0	1
2013310564	13	法国队 夺冠 足球 1998	rb_1	1
2013310564	13	法国队 世界杯 夺冠	rb_1	2
2013310564	13	法国队 世界杯 夺冠	rb_3	1
2013310564	13	法国队 世界杯 夺冠 历程	rb_0	3
2014620840	2	5月北京周边旅游	rb_0	1
2014620840	2	5月北京周边旅游	rb_4	2
2014620840	2	5月北京周边旅游	rb_11	1
2014620840	2	5月北京周边旅游	rb_16	1
2014620840	2	5月北京周边旅游	rb_20	1
2014620840	2	5月北京周边旅游	rb_29	1
2014620840	2	北京周边旅游	rb_0	1
2014620840	1	10人 破冰游戏	rb_3	3
2014620840	1	10人 破冰游戏	rb_7	4
2014620840	3	北京 死飞	rb_2	3
2014620840	3	北京 死飞	rb_4	1
2014620840	3	淘宝	rb_1	1
2014620840	3	清华 死飞专卖	rb_1	2
2014620840	8	谷歌眼镜	rb_2	1
2014620840	8	谷歌眼镜	rb_4	3
2014620840	8	谷歌眼镜	rb_5	1
2014620840	8	谷歌眼镜	rb_11	1
2014620840	8	谷歌眼镜	rb_19	3
2014620840	8	谷歌眼镜 功能	rb_0	1
2014620840	8	谷歌眼镜 功能	rb_2	4
2014620840	8	谷歌眼镜 使用说明	rb_0	3
2014620840	12	辽宁号	rb_7	4
2014620840	12	航空母舰 战略作用	rb_1	4
2014620840	12	辽宁号与其他航母比较	rb_0	1
2014620840	12	辽宁号与其他航母比较	rb_1	1
2014620840	12	辽宁号与其他航母比较	rb_2	1
2014620840	12	辽宁号与其他航母比较	rb_3	2
2014620840	12	辽宁号与其他航母比较	rb_4	3
2014620840	12	辽宁号与其他航母比较	rb_7	3
2014620840	10	港版iphone6	rb_0	1
2014620840	10	港版iphone6	rb_2	4
2014620840	10	港版iphone6	rb_3	4
2014620840	10	在香港买手机带回大陆需要关税吗	rb_0	3
2014620840	5	红斑狼疮	rb_3	4
2014620840	7	戒烟	rb_0	4
2014620840	11	清华大学游泳馆	rb_7	2
2014620840	11	清华大学游泳馆	rb_8	2
2014620840	11	清华大学游泳馆 价钱	rb_0	1
2014620840	11	清华大学游泳馆 价钱	rb_5	1
2014620840	11	清华大学游泳馆 价钱	rb_6	4
2014620840	6	长期护理保险	rb_0	4
2014620840	6	长期护理保险	rb_1	1
2014620840	6	长期护理保险	rb_5	4
2014620840	6	长期护理保险	rb_7	1
2014620840	6	长期护理保险 办理	rb_1	4
2014620840	4	国际航班 手提行李限制	rb_0	3
2014620840	4	国际航班 手提行李限制	rb_1	3
2014620840	4	国际航班 手提行李限制	rb_2	3
2014620840	9	红牛	rb_3	1
2014620840	9	熬夜喝红牛好不好	rb_0	2
2014620840	9	熬夜喝红牛好不好	rb_1	1
2014620840	9	熬夜喝红牛好不好	rb_5	2
2014620840	9	红牛有哪些成分	rb_0	4
2014620840	9	红牛有哪些成分	rb_1	3
2014620840	9	哪些国家禁止出售红牛	rb_0	2
2013310564	13	法国队	rb_0	4
2013310564	13	法国队	rb_2	1
2013310564	13	法国队	rb_4	1
2013310564	13	法国队	rb_6	1
2013310564	13	法国队	rb_7	1
2013310564	13	法国队	rb_8	1
2013310564	13	法国队	rb_23	1
2013310564	13	法国队 98	rb_0	1
2013310564	13	法国队 98	rb_1	1
2013310564	13	法国队 98	rb_2	1
2013310564	13	法国队 98	rb_3	1
2013310564	13	法国队 98	rb_7	1
2013310564	13	法国队 98	rb_8	1
2013310564	13	法国队 98	rb_9	1
2013310564	13	法国队 夺冠 足球	rb_7	1
2013310564	13	法国队 夺冠 足球 1998	rb_0	1
2013310564	13	法国队 夺冠 足球 1998	rb_1	4
2013310564	13	法国队 世界杯 夺冠	rb_1	1
2013310564	13	法国队 世界杯 夺冠	rb_3	1
2013310564	13	法国队 世界杯 夺冠 历程	rb_0	1
2013011103	3	死飞 清华大学 购买	rb_0	1
2013011103	3	死飞 清华大学 购买	rb_1	4
2013011103	3	死飞 清华大学 购买	rb_4	2
2013011103	3	死飞 购买注意	rb_0	1
2013011103	3	死飞 购买注意	rb_2	1
2013011103	3	死飞 购买注意	rb_4	3
2013011103	3	死飞 购买注意	rb_6	3
2013011103	3	死飞 购买注意	rb_8	2
2013011103	3	死飞 清华大学哪里有卖	rb_3	2
2013011103	3	清华大学附近哪里卖自行车	rb_0	3
2013011103	10	港版iphone6	rb_1	1
2013011103	10	港版iphone6	rb_2	3
2013011103	10	港版iphone6	rb_3	2
2013011103	10	港版iphone6 关税	rb_0	2
2013011103	10	港版iphone6 关税	rb_2	3
2013011103	10	港版iphone6 关税	rb_3	1
2013011103	10	港版iphone6 关税	rb_8	3
2013011103	10	iphone6 港版价格	rb_0	3
2013011103	10	iphone6 国行价格	rb_0	3
2013011103	9	红牛 副作用	rb_0	3
2013011103	9	红牛 副作用	rb_1	3
2013011103	9	红牛 副作用	rb_7	2
2013011103	9	红牛 影响健康 成分	rb_0	2
2013011103	9	红牛 维基	rb_0	3
2013011103	6	长期护理保险	rb_0	3
2013011103	6	长期护理保险	rb_5	3
2013011103	6	长期护理保险 保费	rb_8	3
2013011103	6	长期护理保险 保险公司	rb_0	2
2013011103	7	戒烟	rb_0	1
2013011103	7	戒烟	rb_1	3
2013011103	7	戒烟	rb_4	1
2013011103	7	戒烟 好处	rb_0	3
2013011103	7	戒烟本身的副作用	rb_1	3
2013011103	5	红斑狼疮	rb_4	3
2013011103	5	红斑狼疮 治疗方式	rb_0	2
2013011103	5	红斑狼疮 治疗方式	rb_4	1
2013011103	5	红斑狼疮 维基	rb_0	3
2013011103	8	谷歌眼镜	rb_0	1
2013011103	8	谷歌眼镜	rb_2	1
2013011103	8	谷歌眼镜	rb_4	3
2013011103	8	谷歌眼镜	rb_5	3
2013011103	8	谷歌眼镜 使用港式	rb_1	2
2013011103	8	谷歌眼镜 使用方式	rb_2	2
2013011103	8	谷歌眼镜 使用方式	rb_4	3
2013011103	11	清华大学游泳馆	rb_0	2
2013011103	11	清华大学游泳馆	rb_9	1
2013011103	11	清华大学游泳馆 所在地	rb_1	1
2013011103	11	清华大学游泳馆 所在地	rb_3	1
2013011103	11	清华大学游泳馆 所在地	rb_6	2
2013011103	11	清华大学游泳馆 所在地	rb_9	4
2013011103	2	北京周边度假旅行 一周	rb_2	1
2013011103	2	北京周边度假旅行 7天	rb_0	1
2013011103	2	北京周边  7天旅游	rb_1	2
2013011103	2	北京周边  7天旅游	rb_3	2
2013011103	2	北京周边旅游景点	rb_0	2
2013011103	2	北京周边7日游 花费	rb_7	2
2013011103	2	北京及周边休闲7日游线路	rb_1	2
2013011103	2	北京及周边休闲7日游 价格	rb_0	2
2013011103	2	北京及周边休闲7日游 价格	rb_3	1
2013011103	1	破冰游戏 新员工培训 10人	rb_0	1
2013011103	1	破冰游戏 新员工培训 10人	rb_1	4
2013011103	1	破冰游戏 新员工培训 10人	rb_2	1
2013011103	1	破冰游戏 新员工培训 10人	rb_3	1
2013011103	1	破冰游戏 新员工培训 10人	rb_8	1
2013011103	12	辽宁号 维基	rb_0	4
2013011103	12	辽宁号 战略作用	rb_6	2
2013011103	12	辽宁号 优劣势	rb_0	2
2013011103	12	辽宁号 优劣势	rb_3	2
2013011103	4	国际航班 行李限制	rb_0	2
2013011103	4	国际航班 行李限制	rb_5	4
2013011103	4	国际航班 手提行李 液体	rb_2	1
2013011103	4	国际航班 手提行李 液体	rb_5	2
2013011103	4	国际航班 手提行李 液体 规定	rb_5	3
2013310564	13	法国队	rb_0	3
2013310564	13	法国队	rb_2	4
2013310564	13	法国队	rb_4	1
2013310564	13	法国队	rb_6	1
2013310564	13	法国队	rb_7	1
2013310564	13	法国队	rb_8	1
2013310564	13	法国队	rb_23	1
2013310564	13	法国队 世界杯夺冠	rb_0	3
2013310564	13	法国队 世界杯夺冠	rb_6	4
2014010219	4	手提行李限制	rb_0	2
2014010219	4	手提行李限制	rb_5	3
2014010219	7	戒烟	rb_1	4
2014010219	7	戒烟	rb_2	4
2014010219	9	红牛	rb_0	1
2014010219	9	红牛	rb_1	1
2014010219	9	红牛	rb_3	4
2014010219	9	红牛	rb_19	4
2014010219	10	港版iphone6	rb_2	4
2014010219	10	港版iphone6	rb_3	4
2014010219	10	港版iphone6	rb_5	3
2014010219	10	港版iphone6	rb_9	3
2014010219	10	港版iphone6	rb_15	3
2014010219	8	谷歌眼镜	rb_2	3
2014010219	8	谷歌眼镜	rb_4	4
2014010219	8	谷歌眼镜	rb_5	4
2014010219	8	谷歌眼镜	rb_11	1
2014010219	2	北京度假旅行	rb_0	3
2014010219	2	北京度假旅行	rb_8	2
2014010219	2	北京度假旅行	rb_9	3
2014010219	2	北京度假旅行	rb_15	2
2014010219	2	北京度假旅行	rb_17	2
2014010219	11	清华大学游泳馆	rb_1	3
2014010219	11	清华大学游泳馆	rb_5	2
2014010219	11	清华大学游泳馆	rb_6	3
2014010219	11	清华大学游泳馆	rb_8	3
2014010219	11	清华大学游泳馆	rb_9	4
2014010219	1	破冰游戏	rb_1	3
2014010219	1	破冰游戏	rb_3	3
2014010219	1	破冰游戏	rb_7	4
2014010219	3	死飞自行车	rb_1	4
2014010219	3	死飞自行车	rb_2	4
2014010219	3	死飞自行车	rb_8	4
2014010219	6	长期护理保险	rb_1	3
2014010219	6	长期护理保险	rb_4	3
2014010219	6	长期护理保险	rb_5	3
2014010219	6	长期护理保险保费	rb_5	2
2014010219	6	长期护理保险公众看法	rb_1	3
2014010219	12	辽宁号基本信（排水量，舰长）	rb_1	4
2014010219	12	辽宁号基本信（排水量，舰长）	rb_2	4
2014010219	12	辽宁号基本信（排水量，舰长）	rb_9	4
2014010219	12	辽宁号战略作用	rb_2	4
2014010219	12	辽宁号优势	rb_2	4
2014010219	12	辽宁号优势	rb_3	4
2014010219	12	辽宁号历史	rb_0	1
2014010219	12	辽宁号历史	rb_1	1
2014010219	12	辽宁号历史	rb_7	1
2014010219	5	红斑狼疮	rb_2	2
2014010219	5	红斑狼疮	rb_3	4
2014010219	5	红斑狼疮注意事项 治疗措施	rb_0	1
2014010219	5	红斑狼疮注意事项 治疗措施	rb_1	4
2014010219	5	红斑狼疮注意事项 治疗措施	rb_3	4
2013310564	13	法国队	rb_0	3
2013310564	13	法国队	rb_2	1
2013310564	13	法国队	rb_4	1
2013310564	13	法国队	rb_6	1
2013310564	13	法国队	rb_7	1
2013310564	13	法国队	rb_8	1
2013310564	13	法国队	rb_23	1
2013310564	13	法国队 98	rb_0	1
2013310564	13	法国队 98	rb_1	1
2013310564	13	法国队 98	rb_2	1
2013310564	13	法国队 98	rb_3	1
2013310564	13	法国队 98	rb_7	1
2013310564	13	法国队 98	rb_8	1
2013310564	13	法国队 98	rb_9	1
2013310564	13	法国队 夺冠 足球	rb_7	1
2013310564	13	法国队 夺冠 足球 1998	rb_0	1
2013310564	13	法国队 夺冠 足球 1998	rb_1	1
2013310564	13	法国队 世界杯 夺冠	rb_1	1
2013310564	13	法国队 世界杯 夺冠	rb_3	1
2013310564	13	法国队 世界杯 夺冠 历程	rb_0	3
2013310564	13	法国队 世界杯夺冠	rb_0	3
2013310564	13	法国队 世界杯夺冠	rb_6	3
2014012337	10	港版iphone6价格	rb_8	3
2014012337	10	港版iphone6价格	rb_9	3
2014012337	10	港版iphone6价格	rb_11	2
2014012337	10	国内iphone6价格	rb_8	3
2014012337	10	如何在香港购买iphone6	rb_2	4
2014012337	10	香港购买iphone6带回要交关税？	rb_0	3
2014012337	10	香港购买iphone6带回要交关税？	rb_4	2
2014012337	10	港版iphone6支持国内网络运营商	rb_0	4
2014012337	6	长期护理保险保费	rb_5	3
2014012337	6	长期护理保险保费	rb_7	2
2014012337	6	长期护理保险保险金额	rb_9	2
2014012337	6	长期护理保险评价	rb_9	1
2014012337	6	长期护理保险评价	rb_16	4
2014012337	6	长期护理保险与健康保险区别	rb_16	1
2014012337	6	长期护理保险与健康保险区别	rb_24	2
2014012337	11	清华大学游泳馆所在地	rb_0	3
2014012337	11	清华大学游泳馆开放时间	rb_0	4
2014012337	11	清华大学游泳馆学生价	rb_8	3
2014012337	7	戒烟的益处	rb_0	4
2014012337	7	戒烟的益处	rb_2	4
2014012337	7	戒烟副作用	rb_0	1
2014012337	7	戒烟副作用	rb_2	4
2014012337	5	红斑狼疮注意事项	rb_0	4
2014012337	5	红斑狼疮治疗建议	rb_6	4
2014012337	4	国际航班行李限制	rb_0	3
2014012337	4	国际航班行李限制	rb_2	3
2014012337	4	国际航班行李限制统一规定	rb_2	3
2014012337	4	国际航班手提行李可携带液体数	rb_0	1
2014012337	4	国际航班手提行李可携带液体	rb_4	3
2014012337	1	新手十人破冰游戏	rb_2	1
2014012337	1	新手十人破冰游戏	rb_10	4
2014012337	12	辽宁号基本信息	rb_17	1
2014012337	12	辽宁号基本信息百科	rb_1	4
2014012337	12	辽宁号战略作用	rb_2	3
2014012337	12	辽宁号优劣势	rb_0	3
2014012337	12	辽宁号优劣势	rb_3	3
2014012337	2	北京度假旅行景点推荐	rb_0	2
2014012337	2	故宫周边旅店	rb_1	4
2014012337	2	故宫周边交通	rb_2	1
2014012337	2	故宫周边交通	rb_3	1
2014012337	2	故宫周边交通	rb_5	1
2014012337	2	故宫周边交通	rb_7	1
2014012337	8	谷歌眼镜	rb_5	4
2014012337	8	谷歌眼镜使用方式	rb_1	3
2014012337	9	红牛副作用与健康问题	rb_0	4
2014012337	9	红牛副作用与健康问题	rb_2	3
2014012337	9	哪些国家已经禁售红牛	rb_10	4
2014012337	3	死飞自行车	rb_2	4
2014012337	3	死飞自行车使用方法	rb_0	4
2013310564	13	法国队	rb_0	1
2013310564	13	法国队	rb_2	4
2013310564	13	法国队	rb_4	1
2013310564	13	法国队	rb_6	1
2013310564	13	法国队	rb_7	1
2013310564	13	法国队	rb_8	1
2013310564	13	法国队	rb_12	1
2013310564	13	法国队	rb_23	1
2014012173	1	破冰游戏	rb_0	2
2014012173	1	破冰游戏 新员工培训	rb_1	4
2014012173	1	破冰游戏 新员工培训	rb_5	3
2014012173	1	破冰游戏 新员工培训	rb_6	2
2014012173	1	破冰游戏 员工培训	rb_4	1
2014012173	1	破冰游戏 员工培训	rb_7	1
2014012173	10	港版iphone6	rb_1	4
2014012173	10	港版iphone6	rb_2	4
2014012173	10	香港购买iphone 关税	rb_2	2
2014012173	10	香港购买iphone 关税	rb_4	3
2014012173	10	香港购买iphone 关税	rb_5	2
2014012173	10	香港购买iphone6 关税	rb_5	1
2014012173	10	香港购买iphone6 关税多少	rb_9	3
2014012173	10	香港购买iphone6 关税多少	rb_22	3
2014012173	10	港版iphone6	rb_1	4
2014012173	10	港版iphone6	rb_2	4
2014012173	5	红斑狼疮	rb_0	1
2014012173	5	红斑狼疮	rb_4	4
2014012173	4	手提行李限制	rb_0	4
2014012173	4	国际航班手提行李限制	rb_2	3
2014012173	4	国际航班手提行李 液体	rb_0	4
2014012173	4	国际航班托运行李 	rb_6	1
2014012173	4	国际航班托运行李 	rb_11	4
2014012173	4	国际航班手提行李不能带 	rb_1	2
2014012173	4	国际航班手提行李不能带 	rb_12	2
2014012173	4	国际航班托运行李 	rb_6	3
2014012173	4	国际航班托运行李 	rb_11	4
2014012173	6	长期护理保险	rb_0	2
2014012173	6	长期护理保险	rb_1	1
2014012173	6	长期护理保险 什么意思	rb_1	3
2014012173	6	长期护理保险 保费	rb_4	1
2014012173	6	长期护理保险 保费	rb_9	1
2014012173	6	长期护理保险 保费金额	rb_2	1
2014012173	6	长期护理保险 保费金额	rb_7	1
2014012173	6	长期护理保险 理赔金额	rb_6	1
2014012173	6	长期护理保险 理赔金额	rb_11	2
2014012173	6	长期护理保险 理赔金额	rb_12	1
2014012173	6	长期护理保险 理赔金额	rb_13	3
2014012173	6	长期护理保险 公司	rb_1	3
2014012173	8	谷歌眼镜	rb_1	3
2014012173	8	谷歌眼镜	rb_2	1
2014012173	8	谷歌眼镜	rb_9	3
2014012173	8	谷歌眼镜 价格	rb_5	3
2014012173	8	谷歌眼镜 价格	rb_6	3
2014012173	8	谷歌眼镜 功能能	rb_10	4
2014012173	8	谷歌眼镜 使用方式	rb_4	4
2014012173	8	谷歌眼镜 使用方式	rb_17	4
2014012173	7	戒烟	rb_1	4
2014012173	7	戒烟 好处	rb_0	4
2014012173	7	戒烟 副作用	rb_3	4
2014012173	7	戒烟 方法	rb_1	1
2014012173	12	辽宁号	rb_0	1
2014012173	12	辽宁号	rb_5	3
2014012173	12	辽宁号航母 基本信息	rb_9	4
2014012173	12	航母历史	rb_2	3
2014012173	12	航母 战略意义	rb_0	4
2014012173	12	航母 战略意义	rb_2	3
2014012173	12	辽宁号航母 优劣	rb_1	1
2014012173	12	辽宁号航母 优势	rb_2	1
2014012173	9	红牛 饮料 副作用	rb_0	4
2014012173	9	红牛 饮料 副作用	rb_5	1
2014012173	9	红牛 饮料 副作用	rb_9	3
2014012173	9	红牛 饮料 禁止销售国家	rb_4	3
2014012173	9	红牛 饮料 禁止销售国家	rb_7	2
2014012173	9	红牛 饮料 禁止销售国家	rb_13	3
2014012173	9	红牛 饮料 禁止销售国家	rb_15	2
2014012173	9	红牛 饮料 禁止销售国家	rb_19	3
2014012173	2	北京周边 度假旅行 一周	rb_1	4
2014012173	2	北京周边 度假旅行 一周	rb_8	3
2014012173	2	北京周边 度假旅行 7日	rb_4	2
2014012173	2	北京周围 度假旅行 7日	rb_4	2
2014012173	2	北京周围 度假旅行 7日	rb_5	3
2014012173	11	清华大学游泳馆	rb_1	3
2014012173	11	清华大学游泳馆 地址	rb_4	1
2014012173	11	清华大学游泳馆 地图	rb_0	4
2014012173	11	清华大学游泳馆 开放时间	rb_0	1
2014012173	11	清华大学游泳馆 开放时间	rb_1	1
2014012173	11	清华大学游泳馆 开放时间	rb_5	1
2014012173	11	清华大学游泳馆 开放时间	rb_10	1
2014012173	11	清华大学游泳馆 学生票	rb_7	4
2014012173	3	死飞自行车	rb_1	2
2014012173	3	死飞自行车	rb_6	3
2014012173	3	死飞自行车	rb_7	1
2014012173	3	死飞自行车 注意事项	rb_0	3
2014012173	3	死飞自行车 注意事项	rb_4	4
2014012173	3	死飞自行车 购买 注意事项	rb_8	1
2014012173	3	死飞自行车 购买 注意	rb_7	4
2013310564	13	法国队	rb_0	1
2013310564	13	法国队	rb_2	1
2013310564	13	法国队	rb_4	1
2013310564	13	法国队	rb_6	1
2013310564	13	法国队	rb_7	1
2013310564	13	法国队	rb_8	1
2013310564	13	法国队	rb_12	1
2013310564	13	法国队	rb_23	1
2013310564	13	法国队 98	rb_0	1
2013310564	13	法国队 98	rb_1	1
2013310564	13	法国队 98	rb_2	1
2013310564	13	法国队 98	rb_3	1
2013310564	13	法国队 98	rb_7	1
2013310564	13	法国队 98	rb_8	1
2013310564	13	法国队 98	rb_9	1
2013310564	13	法国队 夺冠 足球	rb_7	3
2013310564	13	法国队 夺冠 足球 1998	rb_0	1
2013310564	13	法国队 夺冠 足球 1998	rb_1	1
2013310564	13	法国队 世界杯 夺冠	rb_1	1
2013310564	13	法国队 世界杯 夺冠	rb_3	1
2013310564	13	法国队 世界杯 夺冠	rb_4	1
2013310564	13	法国队 世界杯 夺冠 历程	rb_0	1
2013310564	13	法国队 世界杯夺冠	rb_0	1
2013310564	13	法国队 世界杯夺冠	rb_6	1
2013011400	7	戒烟	rb_1	3
2013011400	7	戒烟副作用	rb_2	4
2013011400	7	戒烟好处	rb_0	3
2013011400	7	戒烟好处	rb_3	1
2013011400	7	戒烟措施	rb_0	1
2013011400	7	戒烟措施	rb_1	2
2013011400	12	辽宁号	rb_3	1
2013011400	12	辽宁号	rb_4	2
2013011400	12	辽宁号	rb_7	2
2013011400	12	辽宁号	rb_9	2
2013011400	12	辽宁号航速	rb_0	4
2013011400	12	辽宁号航速	rb_4	2
2013011400	12	瓦良格号	rb_1	3
2013011400	12	瓦良格号	rb_2	3
2013011400	1	破冰游戏	rb_1	2
2013011400	1	员工 破冰游戏	rb_0	3
2013011400	1	员工 破冰游戏	rb_2	1
2013011400	1	员工 破冰游戏	rb_5	1
2013011400	1	十人 破冰游戏	rb_0	2
2013011400	1	十人 破冰游戏	rb_1	2
2013011400	1	十人 破冰游戏	rb_2	3
2013011400	1	十人 破冰游戏	rb_6	3
2013011400	8	谷歌眼镜	rb_4	2
2013011400	8	谷歌眼镜	rb_7	1
2013011400	8	谷歌眼镜 功能	rb_0	1
2013011400	8	谷歌眼镜 功能	rb_2	4
2013011400	8	谷歌眼镜 功能	rb_5	2
2013011400	8	谷歌眼镜 使用	rb_0	1
2013011400	8	谷歌眼镜 使用	rb_1	2
2013011400	8	谷歌眼镜 使用	rb_4	1
2013011400	10	港版iphone6	rb_0	2
2013011400	10	港版iphone6	rb_2	4
2013011400	10	iphone6关税	rb_4	2
2013011400	10	iphone6香港关税	rb_0	2
2013011400	10	iphone6香港关税	rb_3	2
2013011400	10	iphone6价格	rb_0	3
2013011400	10	iphone6价格	rb_3	4
2013011400	4	手提行李限制	rb_0	1
2013011400	4	手提行李限制	rb_1	1
2013011400	4	手提行李限制	rb_6	1
2013011400	4	手提行李 中国美国	rb_0	4
2013011400	4	手提行李 中国美国	rb_1	1
2013011400	4	行李限制 中美航班	rb_0	1
2013011400	4	行李限制 中美航班	rb_1	3
2013011400	4	行李限制 中美航班	rb_5	1
2013011400	2	北京度假旅行	rb_1	1
2013011400	2	北京一周旅行攻略	rb_0	1
2013011400	2	北京一周旅行攻略	rb_1	3
2013011400	2	北京一周旅行攻略	rb_2	3
2013011400	2	北京一周旅行攻略	rb_3	2
2013011400	2	北京一周旅行攻略	rb_5	3
2013011400	2	北京一周旅行攻略	rb_7	1
2013011400	6	长期护理保险	rb_0	1
2013011400	6	长期护理保险	rb_2	1
2013011400	6	长期护理保险	rb_3	1
2013011400	6	长期护理保险	rb_5	3
2013011400	6	长期护理保险 条件	rb_0	1
2013011400	6	长期护理保险 条件	rb_1	1
2013011400	6	长期护理保险 条件	rb_8	3
2013011400	11	清华大学游泳馆	rb_0	1
2013011400	11	陈明游泳馆	rb_2	3
2013011400	11	陈明游泳馆	rb_5	3
2013011400	11	陈明游泳馆 办卡	rb_1	1
2013011400	11	陈明游泳馆 办卡	rb_2	1
2013011400	11	清华西湖游泳馆	rb_0	3
2013011400	11	清华西湖游泳馆	rb_1	1
2013011400	9	红牛	rb_0	1
2013011400	9	红牛副作用	rb_0	3
2013011400	9	红牛副作用	rb_1	3
2013011400	9	红牛禁售国家	rb_0	3
2013011400	9	红牛禁售国家	rb_2	3
2013011400	9	红牛功效	rb_0	1
2013011400	9	红牛功效	rb_3	1
2013011400	9	红牛危害	rb_0	1
2013011400	3	死飞自行车 清华大学	rb_0	1
2013011400	3	死飞自行车 清华大学	rb_2	3
2013011400	3	死飞公园 清华大学	rb_1	2
2013011400	3	死飞公园 清华大学	rb_2	2
2013011400	3	死飞公园  注意事项	rb_0	1
2013011400	3	死飞公园  注意事项	rb_4	1
2013011400	3	死飞公园  注意事项	rb_9	1
2013011400	3	购买死飞  注意事项	rb_0	1
2013011400	3	购买死飞  注意事项	rb_7	1
2013011400	5	红斑狼疮	rb_0	2
2013011400	5	红斑狼疮	rb_2	1
2013011400	5	红斑狼疮	rb_3	3
2013011400	5	红斑狼疮 治疗	rb_2	3
2013011400	5	红斑狼疮 治疗	rb_5	3
2013011400	5	红斑狼疮 治疗	rb_6	2
2013011400	5	红斑狼疮 治疗	rb_7	3
2013310564	13	法国队	rb_0	1
2013310564	13	法国队	rb_2	1
2013310564	13	法国队	rb_4	1
2013310564	13	法国队	rb_6	1
2013310564	13	法国队	rb_7	3
2013310564	13	法国队	rb_8	1
2013310564	13	法国队	rb_12	3
2013310564	13	法国队	rb_23	1
2013310564	13	法国队 98	rb_0	1
2013310564	13	法国队 98	rb_1	1
2013310564	13	法国队 98	rb_2	1
2013310564	13	法国队 98	rb_3	1
2013310564	13	法国队 98	rb_7	1
2013310564	13	法国队 98	rb_8	1
2013310564	13	法国队 98	rb_9	1
2013310564	13	法国队 夺冠 足球	rb_7	1
2013310564	13	法国队 夺冠 足球 1998	rb_0	1
2013310564	13	法国队 夺冠 足球 1998	rb_1	1
2013310564	13	法国队 世界杯 夺冠	rb_1	1
2013310564	13	法国队 世界杯 夺冠	rb_3	1
2013310564	13	法国队 世界杯 夺冠	rb_4	1
2013310564	13	法国队 世界杯 夺冠 历程	rb_0	1
2013310564	13	法国队 世界杯夺冠	rb_0	1
2013310564	13	法国队 世界杯夺冠	rb_6	1
2013310564	13	法国队 98	rb_0	1
2013310564	13	法国队 98	rb_1	1
2013310564	13	法国队 98	rb_2	1
2013310564	13	法国队 98	rb_3	1
2013310564	13	法国队 98	rb_7	1
2013310564	13	法国队 98	rb_8	1
2013310564	13	法国队 98	rb_9	1
2013012946	6	长期护理保险	rb_6	3
2013012946	6	长期护理保险	rb_8	3
2013012946	6	长期护理保险 提供公司	rb_1	2
2013012946	6	长期护理保险 提供公司	rb_3	3
2013012946	1	破冰游戏	rb_1	3
2013012946	1	破冰游戏 新员工培训	rb_1	3
2013012946	1	破冰游戏 新员工培训	rb_5	3
2013012946	1	破冰游戏 新员工培训 十人	rb_1	2
2013012946	11	清华大学游泳馆	rb_1	2
2013012946	11	清华大学游泳馆	rb_4	2
2013012946	11	清华大学游泳馆	rb_9	4
2013012946	11	清华大学游泳馆	rb_11	1
2013012946	11	清华大学游泳馆	rb_16	1
2013012946	11	清华大学游泳馆 开放时间	rb_0	1
2013012946	11	清华大学游泳馆 开放时间	rb_4	2
2013012946	11	清华大学游泳馆 开放时间	rb_5	1
2013012946	12	辽宁号	rb_3	1
2013012946	12	辽宁号	rb_5	4
2013012946	12	辽宁号	rb_9	3
2013012946	12	辽宁号 优劣势	rb_0	2
2013012946	12	辽宁号 优劣势	rb_3	2
2013012946	12	辽宁号 战略意义	rb_2	3
2013012946	5	红斑狼疮	rb_4	4
2013012946	5	红斑狼疮	rb_5	3
2013012946	9	红牛 副作用	rb_0	3
2013012946	9	红牛 副作用	rb_1	3
2013012946	9	红牛 禁止销售	rb_0	3
2013012946	9	红牛 禁止销售	rb_1	3
2013012946	9	红牛 禁止销售	rb_6	3
2013012946	2	北京度假旅行	rb_7	3
2013012946	2	北京周边旅游	rb_0	3
2013012946	2	北京周边旅游	rb_2	3
2013012946	2	北京周边旅游	rb_5	4
2013012946	2	北京周边旅游	rb_6	4
2013012946	8	谷歌眼镜	rb_0	2
2013012946	8	谷歌眼镜	rb_2	2
2013012946	8	谷歌眼镜	rb_5	4
2013012946	7	戒烟	rb_1	3
2013012946	7	戒烟	rb_2	4
2013012946	7	戒烟	rb_7	3
2013012946	10	港版iphone6	rb_1	3
2013012946	10	港版iphone6	rb_2	4
2013012946	10	港版iphone6	rb_3	2
2013012946	10	港版iphone6 购买	rb_1	4
2013012946	10	港版iphone6 购买	rb_9	3
2013012946	10	港版iphone6 关税	rb_0	2
2013012946	10	港版iphone6 关税	rb_1	2
2013012946	4	手提行李限制	rb_1	3
2013012946	4	手提行李限制	rb_2	3
2013012946	4	手提行李限制	rb_6	3
2013012946	4	托运行李限制	rb_0	3
2013012946	4	手提行李 液体	rb_2	4
2013012946	4	手提行李 液体	rb_8	4
2013012946	4	哪些物品 手提行李	rb_6	3
2013012946	4	哪些物品必须托运	rb_0	3
2013012946	4	哪些物品必须托运	rb_6	4
2013012946	3	清华 死飞自行车	rb_0	1
2013012946	3	清华 死飞自行车	rb_4	2
2013012946	3	清华 死飞自行车	rb_6	1
2013012946	3	死飞自行车 注意事项	rb_1	3
2013012946	3	死飞自行车 报价	rb_2	3
2013012946	3	死飞自行车 报价	rb_19	3
2013310564	13	法国队	rb_0	1
2013310564	13	法国队	rb_2	4
2013310564	13	法国队	rb_4	1
2013310564	13	法国队	rb_6	1
2013310564	13	法国队	rb_7	1
2013310564	13	法国队	rb_8	1
2013310564	13	法国队	rb_12	1
2013310564	13	法国队	rb_13	1
2013310564	13	法国队	rb_23	1
2013310564	13	法国队 世界杯 夺冠	rb_1	1
2013310564	13	法国队 世界杯 夺冠	rb_3	1
2013310564	13	法国队 世界杯 夺冠	rb_4	1
2011011235	12	辽宁号	rb_0	1
2011011235	12	辽宁号	rb_2	4
2011011235	12	辽宁号	rb_3	2
2011011235	12	辽宁号	rb_4	1
2011011235	12	辽宁号	rb_7	1
2011011235	12	辽宁号	rb_8	1
2011011235	12	辽宁号	rb_9	1
2011011235	12	辽宁号 基本信息	rb_2	1
2011011235	12	辽宁号 战略意义	rb_0	4
2011011235	12	辽宁号 战略意义	rb_1	3
2011011235	12	辽宁号 战略意义	rb_2	4
2011011235	12	辽宁号 战略意义	rb_3	2
2011011235	12	辽宁号 尺寸	rb_0	4
2011011235	12	辽宁号 尺寸	rb_1	1
2011011235	6	长期护理保险	rb_0	4
2011011235	6	长期护理保险	rb_1	4
2011011235	6	长期护理保险	rb_2	1
2011011235	6	长期护理保险	rb_3	4
2011011235	6	长期护理保险	rb_4	2
2011011235	6	长期护理保险	rb_5	4
2011011235	6	长期护理保险	rb_6	4
2011011235	6	长期护理保险	rb_7	4
2011011235	6	长期护理保险 保费	rb_1	2
2011011235	6	长期护理保险 保费	rb_4	2
2011011235	6	长期护理保险 保费	rb_5	2
2011011235	6	长期护理保险 保费	rb_8	2
2011011235	6	长期护理保险 公司	rb_3	1
2011011235	6	长期护理保险 公司	rb_5	1
2011011235	6	长期护理保险 公司	rb_6	1
2011011235	6	长期护理保险 哪些公司	rb_4	1
2011011235	6	长期护理保险 投保	rb_5	1
2011011235	6	长期护理保险 投保	rb_9	2
2011011235	6	健康险	rb_2	4
2011011235	9	红牛	rb_0	4
2011011235	9	红牛	rb_3	4
2011011235	9	红牛 副作用	rb_0	2
2011011235	9	红牛 副作用	rb_2	4
2011011235	9	红牛 副作用	rb_4	4
2011011235	9	红牛 副作用	rb_5	4
2011011235	9	红牛 副作用	rb_6	2
2011011235	9	红牛 副作用	rb_7	2
2011011235	9	红牛 副作用	rb_8	1
2011011235	9	红牛 健康	rb_1	4
2011011235	9	红牛 健康	rb_8	3
2011011235	8	谷歌眼镜	rb_0	1
2011011235	8	谷歌眼镜	rb_1	1
2011011235	8	谷歌眼镜	rb_2	4
2011011235	8	谷歌眼镜	rb_3	2
2011011235	8	谷歌眼镜	rb_4	4
2011011235	8	谷歌眼镜	rb_5	3
2011011235	8	谷歌眼镜 使用方法	rb_0	4
2011011235	8	谷歌眼镜 使用方法	rb_3	4
2011011235	8	谷歌眼镜 使用方法	rb_7	3
2011011235	8	谷歌眼镜 价格	rb_0	1
2011011235	8	谷歌眼镜 价格	rb_1	4
2011011235	7	戒烟	rb_0	4
2011011235	7	戒烟	rb_1	3
2011011235	7	戒烟	rb_6	3
2011011235	7	戒烟	rb_8	3
2011011235	7	有效戒烟	rb_0	4
2011011235	7	戒烟 好处	rb_0	3
2011011235	7	戒烟 好处	rb_1	3
2011011235	7	戒烟 好处	rb_2	3
2011011235	7	戒烟 坏处	rb_2	3
2011011235	7	戒烟 坏处	rb_4	4
2011011235	10	港版iphone6	rb_0	1
2011011235	10	港版iphone6	rb_1	3
2011011235	10	港版iphone6	rb_2	4
2011011235	10	港版iphone6	rb_5	1
2011011235	10	港版iphone6	rb_6	1
2011011235	10	港版iphone6	rb_7	3
2011011235	10	港版iphone6 价格	rb_0	4
2011011235	10	港版iphone6 价格	rb_2	2
2011011235	10	港版iphone6 价格	rb_3	1
2011011235	10	港版iphone6 价格	rb_4	3
2011011235	10	港版iphone6 国行 价格	rb_0	4
2011011235	10	港版iphone6 国行 价格	rb_2	3
2011011235	10	港版iphone6 国行 价格	rb_3	3
2011011235	10	港版iphone6 国行 价格	rb_8	2
2011011235	10	港版iphone6 国行 价格	rb_9	2
2011011235	10	iphone6国行 价格	rb_1	4
2011011235	10	港版iphone6 关税	rb_0	4
2011011235	10	港版iphone6 关税	rb_1	4
2011011235	10	港版iphone6 关税	rb_3	1
2011011235	10	港版iphone6 关税	rb_4	2
2011011235	10	港版iphone6 关税	rb_8	3
2011011235	10	港版iphone6 关税	rb_10	1
2011011235	10	港版iphone6 关税	rb_12	4
2011011235	11	清华大学游泳馆	rb_0	3
2011011235	11	清华大学游泳馆	rb_1	1
2011011235	11	清华大学游泳馆	rb_2	3
2011011235	11	清华大学游泳馆	rb_3	2
2011011235	11	清华大学游泳馆	rb_4	2
2011011235	11	清华大学游泳馆 地址	rb_0	2
2011011235	11	清华大学游泳馆 地址	rb_1	2
2011011235	11	清华大学游泳馆 地址	rb_2	2
2011011235	11	清华大学游泳馆 地址	rb_5	2
2011011235	11	清华大学游泳馆 时间	rb_0	4
2011011235	11	清华大学游泳馆 时间	rb_1	1
2011011235	11	陈明游泳馆 时间	rb_0	1
2011011235	11	陈明游泳馆 时间	rb_1	1
2011011235	11	清华大学游泳馆 场次	rb_0	4
2011011235	11	清华大学游泳馆 场次	rb_2	1
2011011235	11	清华大学游泳馆 场次	rb_3	1
2011011235	11	清华大学游泳馆 场次	rb_6	1
2011011235	11	清华大学游泳馆 场次	rb_7	1
2011011235	5	红斑狼疮	rb_0	2
2011011235	5	红斑狼疮	rb_1	4
2011011235	5	红斑狼疮	rb_2	4
2011011235	5	红斑狼疮 治疗方法	rb_1	1
2011011235	5	红斑狼疮 治疗方法	rb_2	3
2011011235	5	红斑狼疮 治疗方法	rb_3	1
2011011235	5	红斑狼疮 治疗方法	rb_4	1
2011011235	5	红斑狼疮 治疗方法	rb_5	3
2011011235	5	红斑狼疮 治疗方法	rb_6	2
2011011235	5	红斑狼疮 治疗方法	rb_7	2
2011011235	5	红斑狼疮 治疗方法	rb_8	2
2011011235	5	红斑狼疮 治疗方法	rb_9	3
2011011235	5	红斑狼疮 糖皮质激素	rb_1	4
2011011235	5	红斑狼疮 糖皮质激素	rb_2	3
2011011235	5	红斑狼疮 糖皮质激素	rb_3	3
2011011235	5	红斑狼疮 糖皮质激素	rb_4	4
2011011235	5	红斑狼疮 糖皮质激素	rb_5	4
2011011235	5	红斑狼疮 糖皮质激素	rb_6	4
2011011235	5	红斑狼疮 糖皮质激素	rb_7	2
2011011235	5	红斑狼疮 糖皮质激素	rb_8	1
2011011235	5	红斑狼疮 细胞治疗法	rb_1	2
2011011235	5	红斑狼疮 细胞治疗法	rb_2	2
2011011235	5	红斑狼疮 细胞治疗法	rb_3	3
2011011235	5	红斑狼疮 细胞治疗法	rb_4	2
2011011235	4	手提行李限制	rb_0	4
2011011235	4	手提行李限制	rb_1	4
2011011235	4	手提行李限制	rb_5	4
2011011235	4	手提行李限制 国际	rb_1	4
2011011235	4	手提行李限制 国际	rb_8	4
2011011235	4	托运行李限制 国际	rb_0	4
2011011235	4	托运行李限制 国际	rb_1	4
2011011235	4	托运行李限制 国际	rb_2	4
2011011235	4	托运行李限制 国际	rb_3	4
2011011235	4	托运行李限制 国际	rb_4	1
2011011235	4	托运行李 国际航班 电脑	rb_0	4
2011011235	4	托运行李 国际航班 电脑	rb_4	4
2011011235	1	破冰游戏	rb_0	4
2011011235	1	破冰游戏	rb_1	2
2011011235	1	破冰游戏	rb_2	3
2011011235	1	破冰游戏 员工培训	rb_0	3
2011011235	1	破冰游戏 员工培训	rb_1	2
2011011235	1	破冰游戏 员工培训	rb_2	2
2011011235	1	破冰游戏 员工培训	rb_3	4
2011011235	1	破冰游戏 员工培训	rb_4	2
2011011235	1	破冰游戏 员工培训	rb_5	1
2011011235	1	破冰游戏 员工培训	rb_7	2
2011011235	1	破冰游戏 员工培训	rb_9	1
2011011235	1	破冰游戏 互相介绍  公司	rb_2	1
2011011235	1	破冰游戏 企业培训	rb_1	1
2011011235	1	破冰游戏 企业培训	rb_7	1
2011011235	1	破冰游戏 企业培训	rb_8	1
2011011235	1	破冰游戏 企业培训	rb_10	1
2011011235	1	破冰游戏 自我介绍	rb_0	1
2011011235	1	破冰游戏 自我介绍	rb_6	3
2011011235	2	北京度假旅行	rb_0	1
2011011235	2	北京度假旅行	rb_1	3
2011011235	2	北京度假旅行	rb_2	1
2011011235	2	北京度假旅行	rb_5	1
2011011235	2	北京度假旅行 周边游	rb_0	3
2011011235	2	北京度假旅行 周边游	rb_1	4
2011011235	2	北京度假旅行 周边游	rb_4	2
2011011235	3	死飞自行车	rb_2	1
2011011235	3	死飞自行车 清华附近	rb_0	4
2011011235	3	死飞自行车 清华附近	rb_1	1
2011011235	3	死飞 清华附近	rb_2	1
2011011235	3	死飞 清华附近	rb_3	4
2011011235	3	死飞公园 清华	rb_0	3
2011011235	3	死飞公园 清华	rb_1	3
2011011235	3	死飞公园 清华	rb_3	2
2011011235	3	死飞公园 清华 价格	rb_0	3
2011011235	3	死飞公园 清华 价格	rb_4	4
2011011235	3	死飞公园 清华 价格	rb_6	2
2011011235	3	死飞公园 清华 价格	rb_9	2
2013310564	13	法国队	rb_0	1
2013310564	13	法国队	rb_2	4
2013310564	13	法国队	rb_4	1
2013310564	13	法国队	rb_6	1
2013310564	13	法国队	rb_7	1
2013310564	13	法国队	rb_8	1
2013310564	13	法国队	rb_12	1
2013310564	13	法国队	rb_13	1
2013310564	13	法国队	rb_23	1
2013310564	13	法国队 世界杯	rb_2	1
2013310564	13	法国队 世界杯	rb_12	1
2013310564	13	法国队 世界杯	rb_16	2
2011011239	8	谷歌眼镜	rb_0	1
2011011239	8	谷歌眼镜	rb_1	1
2011011239	8	谷歌眼镜	rb_4	3
2011011239	8	谷歌眼镜	rb_5	4
2011011239	12	辽宁号	rb_1	1
2011011239	12	辽宁号	rb_2	1
2011011239	12	辽宁号	rb_3	2
2011011239	12	辽宁号	rb_4	4
2011011239	12	辽宁号	rb_5	4
2011011239	12	辽宁号	rb_7	1
2011011239	12	辽宁号	rb_9	1
2011011239	12	辽宁号  基本信息	rb_0	4
2011011239	12	辽宁号  基本信息	rb_1	4
2011011239	12	辽宁号  战略目标	rb_1	4
2011011239	12	辽宁号  战略目标	rb_2	3
2011011239	12	辽宁号  历史	rb_3	1
2011011239	12	辽宁号  历史	rb_5	1
2011011239	12	辽宁号  历史	rb_6	2
2011011239	12	辽宁号  历史	rb_8	1
2011011239	12	辽宁号  	rb_1	1
2011011239	12	辽宁号  	rb_5	2
2011011239	12	辽宁号  	rb_6	1
2011011239	12	辽宁号  	rb_7	1
2011011239	9	红牛	rb_3	3
2011011239	9	红牛	rb_19	4
2011011239	9	红牛  有害成分	rb_0	1
2011011239	9	红牛  有害成分	rb_1	4
2011011239	9	红牛  有害成分	rb_3	4
2011011239	9	红牛  有害成分	rb_6	2
2011011239	9	红牛  禁售国家	rb_0	4
2011011239	9	红牛  禁售国家	rb_1	4
2011011239	9	红牛  禁售国家	rb_6	4
2011011239	9	红牛  禁售国家	rb_10	3
2011011239	9	红牛  禁售国家	rb_13	2
2011011239	4	手提行李限制	rb_0	4
2011011239	4	手提行李限制	rb_1	4
2011011239	4	手提行李限制	rb_2	4
2011011239	4	手提行李   液体容量	rb_2	4
2011011239	4	托运行李 	rb_0	4
2011011239	7	戒烟	rb_0	4
2011011239	7	戒烟	rb_2	4
2011011239	7	戒烟	rb_7	4
2011011239	7	吸烟 危害	rb_0	2
2011011239	7	吸烟 危害	rb_1	3
2011011239	7	吸烟 危害	rb_3	4
2011011239	7	吸烟 危害	rb_7	3
2011011239	7	吸烟 危害	rb_11	3
2011011239	3	死飞自行车  清华大学	rb_0	2
2011011239	3	死飞自行车  清华大学	rb_2	2
2011011239	3	死飞自行车  清华大学	rb_3	3
2011011239	3	死飞自行车  清华大学	rb_4	2
2011011239	3	死飞自行车  清华大学	rb_11	1
2011011239	3	 清华大学  购买死飞	rb_0	1
2011011239	3	 清华大学  购买死飞	rb_2	3
2011011239	3	 清华大学  购买死飞	rb_4	2
2011011239	3	 清华大学  死飞专卖店	rb_2	1
2011011239	3	死飞自行车  购买注意事项	rb_1	1
2011011239	3	死飞自行车  购买注意事项	rb_6	1
2011011239	3	死飞自行车  购买注意事项	rb_7	1
2011011239	3	死飞自行车  购买注意事项	rb_10	1
2011011239	3	死飞自行车  购买注意事项	rb_11	3
2011011239	3	死飞自行车  购买注意事项	rb_17	1
2011011239	3	死飞自行车  清华西门	rb_0	3
2011011239	3	死飞自行车  清华西门	rb_2	3
2011011239	3	死飞自行车  清华西门	rb_3	3
2011011239	3	死飞自行车  清华西门	rb_9	3
2011011239	1	破冰游戏	rb_0	4
2011011239	1	破冰游戏	rb_2	4
2011011239	11	清华大学游泳馆	rb_0	2
2011011239	11	清华大学游泳馆	rb_1	2
2011011239	11	清华大学游泳馆	rb_2	2
2011011239	11	清华大学游泳馆	rb_3	1
2011011239	11	清华大学游泳馆	rb_4	2
2011011239	11	清华大学游泳馆	rb_5	1
2011011239	11	清华大学游泳馆	rb_6	1
2011011239	11	清华大学游泳馆	rb_8	1
2011011239	11	清华大学游泳馆	rb_9	1
2011011239	11	清华大学游泳馆	rb_11	1
2011011239	11	清华大学游泳馆	rb_14	1
2011011239	11	清华大学游泳馆	rb_15	1
2011011239	11	清华大学游泳馆	rb_16	1
2011011239	11	清华大学游泳馆  开放时间	rb_1	4
2011011239	11	清华大学游泳馆  开放时间	rb_2	2
2011011239	6	长期护理保险	rb_0	3
2011011239	6	长期护理保险	rb_1	3
2011011239	6	长期护理保险	rb_2	3
2011011239	6	长期护理保险   保费和理赔金额	rb_1	3
2011011239	6	长期护理保险   保费和理赔金额	rb_2	1
2011011239	6	长期护理保险   保费和理赔金额	rb_3	1
2011011239	6	长期护理保险   保费和理赔金额	rb_4	1
2011011239	6	长期护理保险   保费和理赔金额	rb_5	4
2011011239	6	长期护理保险   保费和理赔金额	rb_8	3
2011011239	6	长期护理保险   理赔金额	rb_0	3
2011011239	6	长期护理保险   理赔金额	rb_1	3
2011011239	6	长期护理保险   理赔金额	rb_5	4
2011011239	6	长期护理保险   理赔金额	rb_6	4
2011011239	6	长期护理保险   理赔金额	rb_9	3
2011011239	6	长期护理保险   理赔金额上限	rb_0	3
2011011239	6	长期护理保险    健康保险 区别	rb_0	2
2011011239	6	长期护理保险    健康保险 区别	rb_4	3
2011011239	6	长期护理保险与健康保险区别	rb_0	4
2011011239	6	长期护理保险与健康保险区别	rb_3	2
2011011239	6	长期护理保险与健康保险区别	rb_5	2
2011011239	6	长期护理保险与健康保险区别	rb_7	3
2011011239	6	健康保险	rb_0	1
2011011239	6	长期护理保险  看法	rb_2	4
2011011239	10	港版iphone6	rb_0	3
2011011239	10	港版iphone6	rb_1	3
2011011239	10	港版iphone6	rb_5	2
2011011239	10	国内 iphone6  价格  	rb_1	4
2011011239	10	香港 iphone6  价格  	rb_0	3
2011011239	10	香港 iphone6  价格  	rb_1	2
2011011239	10	香港 iphone6   关税	rb_0	2
2011011239	10	香港 iphone6   关税	rb_1	4
2011011239	10	港iphone6  国内运营商	rb_0	4
2011011239	5	红斑狼疮	rb_0	1
2011011239	5	红斑狼疮	rb_1	3
2011011239	5	红斑狼疮	rb_5	1
2011011239	5	红斑狼疮  注意事项	rb_0	3
2011011239	5	红斑狼疮  注意事项	rb_4	4
2011011239	5	红斑狼疮  注意事项	rb_9	4
2011011239	5	红斑狼疮  治疗措施	rb_0	1
2011011239	5	红斑狼疮  治疗措施	rb_1	1
2011011239	5	红斑狼疮  治疗措施	rb_2	1
2011011239	5	红斑狼疮  治疗措施	rb_7	4
2011011239	5	红斑狼疮  治疗措施	rb_9	1
2011011239	2	北京度假旅行	rb_0	4
2011011239	2	北京度假旅行	rb_1	4
2011011239	2	北京度假旅行	rb_2	1
2011011239	2	北京度假旅行	rb_3	1
2011011239	2	北京度假旅行	rb_7	3
2011011239	2	北京度假旅行  一周旅行团	rb_1	1
2011011239	2	北京度假旅行  一周旅行团	rb_6	1
2011011239	2	北京度假旅行  一周旅行团	rb_10	1
2011011239	2	北京度假旅行  一周旅行团	rb_13	1
2011011239	2	北京度假旅行  一周旅行团	rb_19	2
2011011239	2	北京度假旅行  一周旅行团	rb_21	4
2011011239	2	北京度假旅行  一周旅行团	rb_26	2
2011011239	2	北京度假旅行  一周旅行团	rb_28	3
2011011239	2	北京度假旅行  一周旅行团	rb_29	2
2011011239	2	北京度假旅行  一周旅行团	rb_34	2
2011011239	2	北京度假旅行  旅行团	rb_4	1
2011011239	2	北京度假旅行  旅行团	rb_5	1
2011011239	2	北京度假旅行  旅行团	rb_13	1
2011011239	2	北京度假旅行  旅行团	rb_20	2
2011011239	2	北京度假旅行  怀柔度假村	rb_0	2
2011011239	2	北京度假旅行  怀柔度假村	rb_1	4
2013310564	13	法国队	rb_0	1
2013310564	13	法国队	rb_2	4
2013310564	13	法国队	rb_4	1
2013310564	13	法国队	rb_6	1
2013310564	13	法国队	rb_7	1
2013310564	13	法国队	rb_8	1
2013310564	13	法国队	rb_12	1
2013310564	13	法国队	rb_13	1
2013310564	13	法国队	rb_18	1
2013310564	13	法国队	rb_23	1
2013310564	13	法国队 世界杯冠军	rb_0	4
2013310564	13	法国队 世界杯冠军	rb_3	3
2011011254	11	清华大学游泳馆	rb_0	2
2011011254	11	清华大学游泳馆	rb_1	3
2011011254	11	清华大学游泳馆 学生票价格	rb_0	1
2011011254	11	清华大学游泳馆 学生票价格	rb_5	3
2011011254	11	清华大学游泳馆 学生票价格	rb_6	1
2011011254	11	清华大学游泳馆 学生票价格	rb_7	1
2011011254	11	清华大学游泳馆 游泳卡	rb_2	2
2011011254	11	清华大学游泳馆 游泳卡	rb_6	4
2011011254	5	红斑狼疮	rb_0	1
2011011254	5	红斑狼疮	rb_4	4
2011011254	5	红斑狼疮	rb_8	2
2011011254	5	红斑狼疮 治疗方法	rb_1	3
2011011254	5	红斑狼疮 注意事项	rb_0	2
2011011254	5	红斑狼疮 注意事项	rb_1	3
2011011254	5	红斑狼疮 注意事项	rb_9	4
2011011254	2	北京度假旅行	rb_1	4
2011011254	2	北京周边旅游 一周	rb_4	1
2011011254	2	北京周边旅游 多日游	rb_1	3
2011011254	2	北京周边旅游 多日游	rb_4	1
2011011254	2	北京周边旅游 多日游	rb_5	1
2011011254	2	北京周边旅游 多日游	rb_7	3
2011011254	2	北京周边旅游 多日游	rb_8	2
2011011254	2	北京周边旅游推荐	rb_0	3
2011011254	2	北京周边旅游推荐	rb_1	2
2011011254	2	北京周边旅游推荐	rb_4	3
2011011254	2	北京周边旅游推荐	rb_24	3
2011011254	9	红牛 副作用	rb_0	3
2011011254	9	红牛 副作用	rb_1	4
2011011254	9	红牛 副作用	rb_2	4
2011011254	9	红牛 副作用	rb_7	2
2011011254	9	红牛 副作用	rb_23	2
2011011254	9	红牛 激素	rb_9	4
2011011254	9	红牛 禁止销售国家	rb_3	4
2011011254	9	红牛 禁止销售国家	rb_4	4
2011011254	9	红牛 禁止销售国家	rb_7	4
2011011254	9	红牛 禁售	rb_3	2
2011011254	6	长期护理保险	rb_0	4
2011011254	6	长期护理保险	rb_5	4
2011011254	6	长期护理保险	rb_7	3
2011011254	6	长期护理保险	rb_15	4
2011011254	6	长期护理保险	rb_19	3
2011011254	6	长期护理保险 中国	rb_1	4
2011011254	6	长期护理保险 中国	rb_9	3
2011011254	6	长期护理保险 公司	rb_3	4
2011011254	6	长期护理保险 民众	rb_0	3
2011011254	6	长期护理保险 赔付	rb_1	4
2011011254	7	戒烟	rb_2	4
2011011254	7	戒烟	rb_6	1
2011011254	3	死飞自行车	rb_0	2
2011011254	3	死飞自行车	rb_1	3
2011011254	3	死飞自行车	rb_18	4
2011011254	3	死飞自行车 注意事项	rb_1	3
2011011254	3	死飞自行车 注意事项	rb_2	1
2011011254	3	死飞自行车 注意事项	rb_4	4
2011011254	3	死飞自行车 注意事项	rb_9	3
2011011254	3	死飞 清华	rb_3	4
2011011254	8	谷歌眼镜	rb_0	2
2011011254	8	谷歌眼镜	rb_1	2
2011011254	8	谷歌眼镜	rb_3	4
2011011254	8	谷歌眼镜	rb_4	4
2011011254	8	谷歌眼镜	rb_6	2
2011011254	8	谷歌眼镜	rb_12	4
2011011254	8	谷歌眼镜	rb_14	3
2011011254	4	手提行李限制	rb_0	4
2011011254	4	手提行李限制 国际航班	rb_1	4
2011011254	4	手提行李限制 国际航班	rb_5	1
2011011254	4	手提行李限制 国际航班	rb_9	1
2011011254	4	手提行李限制 国际航班	rb_16	3
2011011254	4	手提行李限制 国际航班	rb_22	2
2011011254	4	手提行李限制 国际航班 液体	rb_5	3
2011011254	4	手提行李限制 液体	rb_9	4
2011011254	4	托运行李限制 国际航班	rb_4	4
2011011254	1	破冰游戏	rb_0	4
2011011254	1	破冰游戏	rb_1	3
2011011254	1	破冰游戏 10人	rb_0	4
2011011254	1	破冰游戏 10人	rb_2	4
2011011254	1	破冰游戏 10人	rb_9	4
2013310564	13	法国队	rb_0	1
2013310564	13	法国队	rb_2	3
2013310564	13	法国队	rb_4	1
2013310564	13	法国队	rb_6	1
2013310564	13	法国队	rb_7	1
2013310564	13	法国队	rb_8	1
2013310564	13	法国队	rb_12	4
2013310564	13	法国队	rb_13	1
2013310564	13	法国队	rb_18	1
2013310564	13	法国队	rb_23	1
2011011254	12	辽宁号	rb_0	4
2011011254	12	辽宁号	rb_2	3
2011011254	12	辽宁号	rb_7	4
2011011254	12	辽宁号 优势劣势	rb_0	4
2011011254	12	辽宁号 优势劣势	rb_2	4
2011011254	12	辽宁号 战略意义	rb_0	4
2011011254	12	辽宁号 战略意义	rb_2	4
2011011254	12	辽宁号 战略意义	rb_5	3
2011011254	10	港版iphone6	rb_1	3
2011011254	10	港版iphone6	rb_2	4
2011011254	10	港版iphone6 关税	rb_0	4
2011011254	10	港版iphone6 关税	rb_1	3
2011011254	10	港版iphone6 关税	rb_3	1
2011011254	10	港版iphone6 关税	rb_6	2
2011011254	10	港版iphone6 关税	rb_8	3
2011011254	10	港版iphone6 关税	rb_9	4
2013011429	2	北京度假旅行	rb_0	1
2013011429	2	北京度假旅行	rb_7	1
2013011429	2	北京周边度假旅行 一周	rb_3	1
2013011429	2	北京周边度假旅行 一周	rb_5	1
2013011429	2	北京周边旅游地点	rb_0	1
2013011429	2	北京周边旅游7天	rb_3	4
2013011429	2	北京周边旅游地点 7日游	rb_6	1
2013011429	2	北京周边旅游地点 7日游	rb_9	1
2013011429	2	北京旅游 7天	rb_0	2
2013011429	2	北京旅游 7天	rb_1	4
2013011429	2	北戴河旅游 7天	rb_4	4
2013011429	2	避暑山庄旅游 7天	rb_0	2
2013011429	2	避暑山庄旅游 7天	rb_2	4
2013011429	1	破冰游戏	rb_3	2
2013011429	1	破冰游戏	rb_4	4
2013011429	1	破冰游戏 10人	rb_0	4
2013011429	1	破冰游戏 10人	rb_1	4
2013011429	1	破冰游戏 10人	rb_2	2
2013011429	3	清华大学附近死飞自行车购买	rb_0	2
2013011429	3	清华大学 购买死飞自行车	rb_3	2
2013011429	3	清华大学死飞自行车	rb_0	1
2013011429	3	清华大学死飞自行车	rb_1	2
2013011429	3	清华大学死飞自行车	rb_2	2
2013011429	3	清华大学死飞自行车	rb_4	3
2013011429	3	死飞自行车购买清华大学附近	rb_4	3
2013011429	3	死飞自行车购买	rb_1	3
2013011429	3	死飞自行车购买 清华	rb_0	1
2013011429	4	手提行李限制	rb_0	4
2013011429	4	手提行李限制	rb_1	4
2013011429	4	国际航班对行李中液体限制	rb_0	4
2013011429	5	红斑狼疮	rb_7	2
2013011429	5	红斑狼疮注意事项	rb_0	4
2013011429	5	红斑狼疮治疗措施	rb_0	3
2013011429	5	红斑狼疮治疗措施	rb_2	3
2013011429	5	红斑狼疮治疗措施	rb_3	3
2013011429	5	红斑狼疮治疗措施	rb_4	2
2013011429	5	红斑狼疮治疗措施	rb_8	2
2013011429	5	红斑狼疮治疗措施	rb_9	2
2013011429	10	港版iphone6	rb_3	4
2013011429	10	iphone6价格	rb_3	2
2013011429	10	iphone6国内售价	rb_1	3
2013011429	10	购买港版iphone6	rb_0	4
2013011429	10	港版iphone6 需不需要关税	rb_0	4
2013011429	10	港版iphone6能否支持国内的通信	rb_3	4
2013011429	10	港版iphone6能否支持国内的通信	rb_9	3
2013011429	11	清华大学游泳馆	rb_9	4
2013011429	11	清华大学游泳馆地址	rb_0	1
2013011429	11	清华大学游泳馆地址	rb_1	2
2013011429	11	清华大学游泳馆地址	rb_5	1
2013011429	11	清华大学游泳馆地址	rb_6	4
2013011429	11	清华大学游泳馆 游泳卡价格	rb_7	1
2013011429	12	辽宁号	rb_3	1
2013011429	12	辽宁号	rb_6	1
2013011429	12	辽宁号	rb_7	4
2013011429	12	辽宁号	rb_9	4
2013011429	12	辽宁号战略意义	rb_0	3
2013011429	12	辽宁号战略意义	rb_6	4
2013011429	12	辽宁号的优势与劣势	rb_6	2
2013011429	6	长期护理保险	rb_1	3
2013011429	6	长期护理保险	rb_3	3
2013011429	6	长期护理保险金额及理赔	rb_0	2
2013011429	6	提供长期护理保险的公司	rb_5	3
2013011429	6	长期护理保险与健康保险的区别	rb_0	2
2013011429	6	健康保险	rb_0	1
2013011429	6	健康保险	rb_8	3
2013011429	6	长期护理保险 保险公司	rb_1	1
2013011429	6	提供长期护理保险的保险公司	rb_0	1
2013011429	6	提供长期护理保险的保险公司	rb_7	1
2013011429	9	红牛副作用	rb_0	3
2013011429	9	红牛副作用	rb_1	2
2013011429	9	红牛副作用	rb_5	1
2013011429	9	红牛副作用	rb_9	1
2013011429	9	红牛哪种成分对人体有副作用	rb_3	2
2013011429	7	戒烟	rb_1	4
2013011429	7	戒烟	rb_2	1
2013011429	7	戒烟	rb_4	1
2013011429	7	戒烟	rb_7	3
2013011429	8	谷歌眼镜	rb_4	3
2013011429	8	谷歌眼镜使用方法	rb_0	3
2013011429	8	谷歌眼镜价格	rb_1	1
2013011429	8	谷歌眼镜价格	rb_2	3
2013310564	13	法国队	rb_0	1
2013310564	13	法国队	rb_2	1
2013310564	13	法国队	rb_4	1
2013310564	13	法国队	rb_6	1
2013310564	13	法国队	rb_7	1
2013310564	13	法国队	rb_8	1
2013310564	13	法国队	rb_12	4
2013310564	13	法国队	rb_13	3
2013310564	13	法国队	rb_18	1
2013310564	13	法国队	rb_23	1
2013012949	10	港版iphone6	rb_2	4
2013012949	10	港版 大陆iphone6 价格	rb_3	2
2013012949	10	港版 iphone6关税 	rb_0	4
2013012949	6	长期护理保险	rb_0	4
2013012949	6	长期护理保险 保费 理赔金额	rb_6	3
2013012949	6	长期护理保险  公众看法	rb_4	4
2013012949	8	谷歌眼镜	rb_4	3
2013012949	8	谷歌眼镜 功能	rb_6	1
2013012949	8	谷歌眼镜 功能	rb_10	4
2013012949	8	谷歌眼镜 使用方式	rb_6	4
2013012949	1	破冰游戏	rb_1	2
2013012949	1	 新人培训 破冰游戏	rb_1	2
2013012949	1	 新人培训 破冰游戏 10人	rb_2	2
2013012949	1	 新人培训 破冰游戏 10人	rb_8	3
2013012949	4	手提行李限制	rb_6	4
2013012949	4	国际航班 手提 托运 体积 重量 限制	rb_0	4
2013012949	5	红斑狼疮 注意事项	rb_2	3
2013012949	5	红斑狼疮 注意事项	rb_3	3
2013012949	5	红斑狼疮 注意事项	rb_24	3
2013012949	5	红斑狼疮 治疗	rb_17	2
2013012949	5	红斑狼疮 治疗	rb_32	3
2013012949	2	北京度假旅行	rb_7	2
2013012949	2	5月北京周边旅游目的地	rb_1	2
2013012949	2	5月北京周边旅游目的地	rb_16	2
2013012949	2	5月 北京周边旅游 	rb_0	3
2013012949	2	5月 北京周边旅游 	rb_5	2
2013012949	2	5月 北京周边旅游 	rb_9	2
2013012949	7	戒烟	rb_0	3
2013012949	7	戒烟	rb_7	3
2013012949	7	戒烟 副作用	rb_3	4
2013012949	7	戒烟 好处	rb_0	4
2013012949	12	辽宁号	rb_6	2
2013012949	12	辽宁号	rb_9	4
2013012949	12	航母的战略作用	rb_2	2
2013012949	12	航母的战略作用	rb_16	2
2013012949	12	航母的战略作用	rb_22	2
2013012949	12	辽宁号与其他航母相比 优势和劣势	rb_0	3
2013012949	9	红牛 副作用	rb_4	3
2013012949	9	红牛 副作用	rb_35	1
2013012949	9	红牛哪些原料导致副作用	rb_11	1
2013012949	9	哪些国家禁止销售红牛	rb_0	4
2013012949	3	清华大学附近 死飞 购买	rb_8	3
2013012949	3	清华附近 死飞 购买	rb_2	3
2013012949	3	死飞 注意事项	rb_0	2
2013012949	3	死飞 注意事项	rb_34	3
2013012949	11	清华大学游泳馆	rb_9	4
2013012949	11	清华大学游泳馆 地点	rb_0	2
2013012949	11	清华大学游泳馆 地址	rb_2	2
2013012949	11	清华大学游泳馆 地址	rb_9	2
2013310564	13	法国队	rb_0	3
2013310564	13	法国队	rb_2	1
2013310564	13	法国队	rb_4	1
2013310564	13	法国队	rb_6	1
2013310564	13	法国队	rb_7	1
2013310564	13	法国队	rb_8	1
2013310564	13	法国队	rb_12	1
2013310564	13	法国队	rb_13	1
2013310564	13	法国队	rb_18	3
2013310564	13	法国队	rb_23	1
2014013409	3	清华附近卖死飞	rb_1	1
2014013409	3	清华西门卖死飞	rb_3	2
2014013409	3	清华西门卖死飞	rb_6	1
2014013409	3	买死飞注意事项	rb_0	4
2014013409	3	买死飞注意事项	rb_1	4
2014013409	3	死飞大概的价格	rb_3	4
2014013409	12	辽宁号	rb_3	1
2014013409	12	辽宁号的基本信息	rb_8	1
2014013409	12	辽宁号的基本信息	rb_14	1
2014013409	12	辽宁号的基本信息	rb_15	4
2014013409	10	购买港版iphone6	rb_0	4
2014013409	10	购买港版iphone6	rb_4	4
2014013409	10	内地iphone6价格	rb_1	4
2014013409	10	港版iphone6支持内地运营商网络吗	rb_0	4
2014013409	4	国际航班行李	rb_0	4
2014013409	4	到美国的国际航班行李	rb_1	2
2014013409	4	到美国的国际航班行李	rb_4	2
2014013409	4	国际航班手提行李能带多少液体	rb_2	4
2014013409	8	谷歌眼镜	rb_4	2
2014013409	9	红牛副作用	rb_0	4
2014013409	9	红牛副作用	rb_1	4
2014013409	9	红牛原料	rb_5	1
2014013409	9	哪些国家禁喝红牛	rb_0	4
2014013409	9	哪些国家禁喝红牛	rb_1	2
2014013409	9	哪些国家禁喝红牛	rb_10	1
2014013409	2	北京度假旅行	rb_1	4
2014013409	2	北京度假旅行	rb_2	4
2014013409	2	北京周边旅游	rb_0	4
2014013409	2	北京周边旅游	rb_2	4
2014013409	7	戒烟	rb_0	1
2014013409	7	戒烟	rb_1	4
2014013409	7	戒烟	rb_4	1
2014013409	7	戒烟	rb_7	4
2014013409	7	戒烟好处	rb_0	4
2014013409	7	戒烟副作用	rb_1	1
2014013409	7	戒烟副作用	rb_2	4
2014013409	7	戒烟副作用	rb_6	1
2014013409	7	戒烟副作用	rb_9	1
2014013409	5	红斑狼疮的注意事项	rb_0	2
2014013409	5	红斑狼疮的注意事项	rb_1	4
2014013409	5	红斑狼疮的注意事项	rb_3	4
2014013409	5	红斑狼疮的注意事项	rb_6	2
2014013409	5	红斑狼疮的注意事项	rb_13	4
2014013409	5	红斑狼疮的治疗方法	rb_1	2
2014013409	5	红斑狼疮的治疗方法	rb_3	2
2014013409	1	大约十人的破冰游戏	rb_0	4
2014013409	1	大约十人的破冰游戏	rb_1	4
2014013409	1	大约十人的破冰游戏	rb_2	3
2014013409	1	大约十人的破冰游戏	rb_4	4
2014013409	1	新员工培训大约十人的破冰游戏	rb_0	1
2014013409	1	新员工培训大约十人的破冰游戏	rb_2	1
2014013409	11	清华大学游泳馆	rb_9	2
2014013409	11	清华大学游泳馆信息	rb_1	2
2014013409	11	清华大学游泳馆地址	rb_0	1
2014013409	11	清华大学游泳馆地址	rb_6	1
2014013409	11	清华大学游泳馆位置	rb_6	1
2014013409	11	清华大学游泳馆位置	rb_9	3
2014013409	6	长期护理的保险金额	rb_1	4
2014013409	6	公众对长期护理保险的看法	rb_1	1
2014013409	6	公众对长期护理保险的看法	rb_2	4
2014013409	6	公众对长期护理保险的看法	rb_5	1
2014013409	6	公众对长期护理保险的看法	rb_7	4
2014013409	6	长期护理保险与健康保险的区别	rb_6	2
2013310564	13	法国队	rb_0	1
2013310564	13	法国队	rb_2	4
2013310564	13	法国队	rb_4	1
2013310564	13	法国队	rb_6	1
2013310564	13	法国队	rb_7	1
2013310564	13	法国队	rb_8	1
2013310564	13	法国队	rb_12	4
2013310564	13	法国队	rb_13	1
2013310564	13	法国队	rb_18	1
2013310564	13	法国队	rb_23	1
2013310564	13	法国队 世界杯夺冠	rb_0	2
2013310564	13	法国队 世界杯夺冠	rb_6	3
2012012731	7	戒烟	rb_1	2
2012012731	7	戒烟	rb_4	1
2012012731	7	戒烟	rb_7	4
2012012731	7	戒烟 副作用	rb_25	4
2012012731	6	长期护理保险	rb_0	2
2012012731	6	长期护理保险	rb_2	1
2012012731	6	长期护理保险 保费 理赔金额	rb_11	2
2012012731	6	长期护理保险 保费 理赔金额	rb_17	3
2012012731	4	手提行李限制	rb_0	4
2012012731	4	手提行李限制	rb_2	3
2012012731	2	北京度假旅行	rb_1	2
2012012731	2	百度旅游	rb_0	4
2012012731	9	红牛副作用	rb_1	2
2012012731	9	红牛副作用	rb_4	4
2012012731	9	红牛副作用	rb_5	1
2012012731	9	哪些国家禁止销售红牛	rb_0	3
2012012731	9	哪些国家禁止销售红牛	rb_2	2
2012012731	1	破冰游戏	rb_0	4
2012012731	10	港版iphone6	rb_0	2
2012012731	10	港版iphone6	rb_1	1
2012012731	10	在香港买iphone6	rb_0	1
2012012731	10	在香港买iphone6	rb_1	3
2012012731	10	在香港买iphone6	rb_2	1
2012012731	10	港版iphone6 关税	rb_0	4
2012012731	10	港版iphone6 大陆运营商	rb_2	3
2012012731	8	谷歌眼镜	rb_0	1
2012012731	8	谷歌眼镜	rb_2	3
2012012731	8	谷歌眼镜 售价	rb_0	1
2012012731	8	谷歌眼镜 售价	rb_1	2
2012012731	8	谷歌眼镜 售价	rb_18	4
2012012731	11	清华大学游泳馆	rb_1	1
2012012731	11	清华大学游泳馆	rb_9	4
2012012731	11	清华大学游泳馆	rb_12	1
2012012731	3	死飞自行车	rb_6	1
2012012731	3	死飞自行车 清华大学	rb_2	1
2012012731	3	清华大学 哪里有卖 死飞	rb_7	1
2012012731	3	死飞	rb_6	1
2012012731	3	买死飞要注意什么	rb_0	1
2012012731	3	买死飞要注意什么	rb_2	2
2012012731	3	买死飞要注意什么	rb_3	1
2012012731	3	买死飞要注意什么	rb_4	4
2012012731	12	辽宁号	rb_3	1
2012012731	12	辽宁号	rb_7	4
2012012731	12	辽宁号和别国航母相比 优势和劣势	rb_2	2
2012012731	12	辽宁号 优势和劣势	rb_2	3
2012012731	12	航母的战略意义	rb_0	2
2012012731	12	航母的战略意义	rb_1	3
2012012731	12	航母的战略意义	rb_4	1
2012012731	12	航母的战略意义	rb_5	1
2012012731	5	红斑狼疮	rb_4	4
2013310564	13	法国队	rb_0	3
2013310564	13	法国队	rb_2	1
2013310564	13	法国队	rb_4	1
2013310564	13	法国队	rb_6	1
2013310564	13	法国队	rb_7	1
2013310564	13	法国队	rb_8	1
2013310564	13	法国队	rb_12	4
2013310564	13	法国队	rb_13	4
2013310564	13	法国队	rb_18	1
2013310564	13	法国队	rb_23	1
2013011437	5	红斑狼疮	rb_1	3
2013011437	5	红斑狼疮	rb_2	4
2013011437	5	红斑狼疮	rb_7	3
2013011437	9	红牛副作用	rb_0	4
2013011437	9	红牛副作用	rb_1	3
2013011437	9	禁止销售红牛的国家	rb_0	4
2013011437	9	禁止销售红牛的国家	rb_1	4
2013011437	11	清华大学游泳馆	rb_2	2
2013011437	11	清华大学游泳馆开放时间	rb_0	4
2013011437	11	清华大学游泳馆 位置	rb_3	2
2013011437	8	谷歌眼镜	rb_0	1
2013011437	8	谷歌眼镜	rb_2	1
2013011437	8	谷歌眼镜	rb_5	4
2013011437	4	手提行李限制	rb_0	2
2013011437	4	手提行李限制	rb_3	4
2013011437	1	破冰游戏	rb_0	4
2013011437	10	港版iphone6	rb_0	1
2013011437	10	港版iphone6	rb_2	4
2013011437	10	港版iphone6需要关税吗	rb_0	4
2013011437	10	iphone6大陆售价	rb_0	4
2013011437	10	iphone6港版售价	rb_3	3
2013011437	3	死飞自行车	rb_0	1
2013011437	3	死飞自行车	rb_1	1
2013011437	3	死飞自行车	rb_2	3
2013011437	3	死飞自行车	rb_4	1
2013011437	3	死飞自行车	rb_5	4
2013011437	3	死飞自行车注意事项	rb_1	3
2013011437	2	北京度假旅行	rb_0	1
2013011437	2	北京度假旅行	rb_1	4
2013011437	2	北京度假旅行	rb_2	1
2013011437	2	怀柔旅游	rb_0	4
2013011437	12	辽宁号	rb_3	2
2013011437	12	辽宁号	rb_7	4
2013011437	12	辽宁号与其他国家航母的对比	rb_0	3
2013011437	12	辽宁号与其他国家航母的对比	rb_4	2
2013011437	6	长期护理保险	rb_0	3
2013011437	6	长期护理保险	rb_5	3
2013011437	6	长期护理保险	rb_7	3
2013011437	6	提供长期护理保险的公司	rb_0	2
2013011437	6	提供长期护理保险的公司	rb_1	3
2013011437	7	戒烟	rb_0	4
2013310564	13	法国队	rb_0	1
2013310564	13	法国队	rb_2	4
2013310564	13	法国队	rb_4	1
2013310564	13	法国队	rb_6	1
2013310564	13	法国队	rb_7	1
2013310564	13	法国队	rb_8	1
2013310564	13	法国队	rb_12	4
2013310564	13	法国队	rb_13	1
2013310564	13	法国队	rb_18	1
2013310564	13	法国队	rb_23	1
2013013014	12	辽宁号 百科	rb_0	3
2013013014	12	辽宁号 优劣	rb_1	4
2013013014	12	辽宁号 优劣	rb_4	2
2013013014	3	死飞自行车 清华附近 购买	rb_0	2
2013013014	3	死飞自行车 清华附近 购买渠道	rb_3	2
2013013014	3	死飞自行车 北京 购买渠道	rb_1	3
2013013014	3	死飞自行车 北京  清华大学 购买渠道	rb_0	2
2013013014	3	死飞自行车 北京  清华大学 购买渠道	rb_1	2
2013013014	3	死飞自行车 清华附近 价格区间	rb_0	1
2013013014	3	死飞自行车  价格区间	rb_2	1
2013013014	3	死飞自行车  价格区间	rb_3	2
2013013014	3	死飞自行车  价格区间	rb_4	2
2013013014	3	死飞自行车  价格区间	rb_8	3
2013013014	3	死飞  注意事项	rb_0	3
2013013014	3	死飞  注意事项	rb_2	3
2013013014	3	死飞  注意事项	rb_7	2
2013013014	3	死飞  注意事项	rb_10	1
2013013014	3	死飞  注意事项	rb_12	2
2013013014	8	谷歌眼镜	rb_6	2
2013013014	8	谷歌眼镜 维基百科	rb_0	3
2013013014	8	google眼镜 使用方式	rb_1	3
2013013014	8	google眼镜 使用方式	rb_7	3
2013013014	8	google眼镜 使用方式	rb_8	2
2013013014	8	google眼镜 价格	rb_2	4
2013013014	6	长期护理保险	rb_0	4
2013013014	6	长期护理保险	rb_1	2
2013013014	6	长期护理保险	rb_2	2
2013013014	6	长期护理保险	rb_3	2
2013013014	6	长期护理保险 理赔	rb_0	2
2013013014	6	长期护理保险 保费	rb_1	2
2013013014	6	长期护理保险 理赔金额	rb_6	1
2013013014	6	长期护理保险 理赔金额	rb_8	2
2013013014	6	长期护理保险 保险公司	rb_1	2
2013013014	6	长期护理保险 保险公司	rb_5	3
2013013014	6	有长期护理保险的保险公司	rb_3	4
2013013014	5	红斑狼疮 百科	rb_2	4
2013013014	11	清华大学游泳馆	rb_0	2
2013013014	11	清华大学游泳馆 游泳卡价格	rb_1	2
2013013014	11	清华大学游泳馆 游泳卡价格	rb_9	2
2013013014	11	清华大学游泳馆 tsinghua	rb_4	3
2013013014	11	清华大学游泳馆开放时间	rb_0	3
2013013014	10	iphone6 香港售价 关税	rb_0	4
2013013014	10	iphone6 香港售价 关税	rb_8	2
2013013014	10	iphone6 香港 国内网络支持	rb_3	4
2013013014	10	港版iphone6  国内运营商网络支持	rb_1	4
2013013014	10	香港购买iphone6	rb_0	4
2013013014	10	香港购买iphone6	rb_1	2
2013013014	10	香港购买iphone6	rb_2	2
2013013014	2	北京周边游	rb_0	3
2013013014	2	北京周边5日游	rb_4	1
2013013014	2	北京周边旅游 价格	rb_2	2
2013013014	2	5月北京周边旅游 价格	rb_3	3
2013013014	4	手提行李限制	rb_0	3
2013013014	4	飞机 托运行李限制	rb_0	2
2013013014	4	国际航班 托运行李限制	rb_0	4
2013013014	4	国际航班 手提液体	rb_1	4
2013013014	9	红牛 副作用	rb_0	3
2013013014	9	红牛 副作用	rb_1	3
2013013014	9	红牛 成分 作用 危害	rb_0	3
2013013014	9	红牛 成分 作用 危害	rb_9	2
2013013014	9	禁售红牛的国家	rb_0	4
2013013014	9	禁售红牛的国家	rb_2	3
2013013014	9	禁售红牛的国家	rb_4	2
2013013014	7	戒烟	rb_2	4
2013013014	1	破冰游戏 十人	rb_1	4
2013310564	13	法国队	rb_0	1
2013310564	13	法国队	rb_2	1
2013310564	13	法国队	rb_4	1
2013310564	13	法国队	rb_6	1
2013310564	13	法国队	rb_7	3
2013310564	13	法国队	rb_8	1
2013310564	13	法国队	rb_12	4
2013310564	13	法国队	rb_13	1
2013310564	13	法国队	rb_18	1
2013310564	13	法国队	rb_23	1
2014013072	5	红斑狼疮	rb_1	3
2014013072	5	红斑狼疮	rb_4	3
2014013072	5	红斑狼疮	rb_15	2
2014013072	12	辽宁号 基本信息	rb_0	4
2014013072	12	辽宁号 基本信息	rb_1	3
2014013072	12	辽宁号 基本信息	rb_2	3
2014013072	12	辽宁号 与其他航母的优劣比较	rb_3	2
2014013072	12	辽宁号 与其他航母的优劣比较	rb_8	2
2014013072	9	红牛	rb_3	1
2014013072	9	红牛 副作用	rb_0	2
2014013072	9	红牛 副作用	rb_1	3
2014013072	9	红牛 副作用	rb_2	4
2014013072	9	哪些国家禁止销售红牛	rb_0	3
2014013072	9	哪些国家禁止销售红牛	rb_5	2
2014013072	6	长期护理保险	rb_0	3
2014013072	6	长期护理保险	rb_6	4
2014013072	6	长期护理保险	rb_7	1
2014013072	6	长期护理保险	rb_9	3
2014013072	6	哪些保险公司提供长期护理保险	rb_0	3
2014013072	4	手提行李限制	rb_0	1
2014013072	4	手提行李限制	rb_6	3
2014013072	4	国际航班中有关行李的规定	rb_0	4
2014013072	4	国际航班中有关行李的规定	rb_1	1
2014013072	4	国际航班中有关行李的规定	rb_2	3
2014013072	4	国际航班中有关行李的规定	rb_5	4
2014013072	4	国际航班中哪些行李必须托运	rb_2	1
2014013072	4	国际航班中乘客可以携带多少液体	rb_1	2
2014013072	3	死飞自行车	rb_1	3
2014013072	3	死飞自行车	rb_2	3
2014013072	3	死飞自行车 清华附近	rb_0	4
2014013072	3	死飞自行车 清华附近	rb_6	4
2014013072	3	死飞自行车 	rb_3	3
2014013072	3	死飞自行车 购买注意事项	rb_9	4
2014013072	3	死飞自行车 价格区间	rb_0	1
2014013072	8	谷歌眼镜	rb_0	1
2014013072	8	谷歌眼镜	rb_1	2
2014013072	8	谷歌眼镜	rb_2	3
2014013072	8	谷歌眼镜	rb_4	2
2014013072	8	谷歌眼镜	rb_5	3
2014013072	8	谷歌眼镜	rb_6	1
2014013072	11	清华大学游泳馆	rb_0	2
2014013072	11	清华大学游泳馆	rb_1	2
2014013072	11	清华大学游泳馆	rb_4	1
2014013072	11	清华大学游泳馆	rb_9	4
2014013072	11	清华大学	rb_13	1
2014013072	11	清华大学游泳馆开放时间	rb_1	4
2014013072	2	北京度假旅行	rb_7	2
2014013072	2	北京附近度假地	rb_0	4
2014013072	2	5月北京附近旅游地	rb_0	3
2014013072	2	5月北京附近旅游地	rb_2	2
2014013072	2	5月北京附近旅游地	rb_5	2
2014013072	10	港版iphone6	rb_2	4
2014013072	10	港版iphone6和内地差价	rb_0	3
2014013072	10	港版iphone6和内地差价	rb_1	2
2014013072	10	携港版iphone6回内地需要交关税吗	rb_0	4
2014013072	10	携港版iphone6回内地需要交关税吗	rb_1	4
2014013072	1	破冰游戏	rb_0	1
2014013072	1	破冰游戏	rb_1	3
2014013072	1	破冰游戏	rb_2	4
2014013072	1	破冰游戏	rb_4	3
2014013072	1	关于合作的10人左右破冰游戏	rb_1	2
2014013072	7	戒烟	rb_0	4
2014013072	7	戒烟	rb_1	3
2014013072	7	戒烟	rb_2	4
2013310564	13	法国队	rb_0	1
2013310564	13	法国队	rb_2	1
2013310564	13	法国队	rb_4	1
2013310564	13	法国队	rb_6	1
2013310564	13	法国队	rb_7	1
2013310564	13	法国队	rb_8	1
2013310564	13	法国队	rb_12	4
2013310564	13	法国队	rb_13	2
2013310564	13	法国队	rb_18	1
2013310564	13	法国队	rb_23	1
2012011297	3	死飞自行车	rb_1	1
2012011297	3	死飞自行车	rb_2	3
2012011297	3	死飞自行车 清华大学	rb_0	2
2012011297	3	死飞自行车 清华大学	rb_2	1
2012011297	3	死飞自行车 北京	rb_1	3
2012011297	3	死飞自行车 北京	rb_6	2
2012011297	3	死飞自行车 北京	rb_7	2
2012011297	3	死飞自行车 北京	rb_8	3
2012011297	9	红牛	rb_0	1
2012011297	9	红牛	rb_1	1
2012011297	9	红牛副作用	rb_1	4
2012011297	9	红牛副作用	rb_4	4
2012011297	8	谷歌眼镜	rb_0	1
2012011297	8	谷歌眼镜	rb_4	3
2012011297	8	谷歌眼镜	rb_5	1
2012011297	8	谷歌眼镜	rb_6	1
2012011297	8	谷歌眼镜功能 使用方式	rb_0	4
2012011297	8	谷歌眼镜功能 使用方式	rb_1	3
2012011297	5	红斑狼疮	rb_4	4
2012011297	10	港版iphone6	rb_0	1
2012011297	10	港版iphone6	rb_1	2
2012011297	10	港版iphone6	rb_2	4
2012011297	10	港版iphone6	rb_3	3
2012011297	10	如何购买港版iphone6	rb_1	4
2012011297	10	如何购买港版iphone6	rb_5	2
2012011297	10	港版iphone6缴纳关税	rb_0	3
2012011297	10	港版iphone6缴纳关税	rb_1	3
2012011297	10	港版iphone6缴纳关税	rb_8	4
2012011297	10	iphone6	rb_1	4
2012011297	11	清华大学游泳馆	rb_9	4
2012011297	11	清华大学游泳馆开放时间	rb_1	4
2012011297	11	清华大学游泳馆开放时间	rb_2	1
2012011297	4	手提行李限制	rb_5	4
2012011297	4	国际航班 美国 行李限制	rb_0	4
2012011297	4	必须手提的行李	rb_1	2
2012011297	4	必须手提的行李	rb_2	2
2012011297	6	长期护理保险	rb_1	4
2012011297	6	长期护理保险	rb_3	3
2012011297	6	长期护理保险	rb_5	3
2012011297	6	长期护理保险公众看法	rb_1	3
2012011297	6	长期护理保险公众看法	rb_4	3
2012011297	6	长期护理保险保险公司	rb_0	4
2012011297	6	保险公司	rb_3	1
2012011297	12	辽宁号航母基本信息	rb_0	1
2012011297	12	辽宁号航母基本信息	rb_6	4
2012011297	12	辽宁号航母的优势和劣势	rb_8	4
2012011297	12	航母能发挥的战略作用	rb_2	2
2012011297	12	航母的战略作用	rb_2	3
2012011297	1	破冰游戏	rb_0	2
2012011297	1	破冰游戏 10人	rb_0	2
2012011297	1	破冰游戏 10人	rb_1	4
2012011297	1	破冰游戏 10人	rb_4	2
2012011297	1	破冰游戏 10人	rb_6	4
2012011297	7	戒烟	rb_1	4
2012011297	7	戒烟	rb_4	1
2012011297	7	戒烟	rb_7	4
2012011297	2	北京度假旅行 5月	rb_4	2
2012011297	2	北京周边度假旅行 一周	rb_1	2
2012011297	2	北京周边度假旅行 一周	rb_3	3
2012011297	2	北京周边度假旅行 一周	rb_6	1
2012011297	2	十渡住宿	rb_0	3
2012011297	2	密云水库住宿	rb_1	1
2013310564	13	法国队	rb_0	1
2013310564	13	法国队	rb_2	4
2013310564	13	法国队	rb_4	1
2013310564	13	法国队	rb_6	1
2013310564	13	法国队	rb_7	1
2013310564	13	法国队	rb_8	1
2013310564	13	法国队	rb_12	1
2013310564	13	法国队	rb_13	1
2013310564	13	法国队	rb_18	1
2013310564	13	法国队	rb_23	1
2013310564	13	法国队 世界杯 1998	rb_0	1
2013310564	13	法国队 世界杯 1998	rb_7	1
2013310564	13	法国队 世界杯 1998	rb_10	1
2013310564	13	法国队 世界杯 1998	rb_15	1
2014013076	4	手提行李限制	rb_0	3
2014013076	4	手提行李限制	rb_3	3
2014013076	4	手提行李限制	rb_4	3
2014013076	4	那些行李必须手提	rb_0	3
2014013076	4	那些行李必须手提	rb_9	4
2014013076	8	谷歌眼镜	rb_5	4
2014013076	6	长期护理保险	rb_6	3
2014013076	6	长期护理保险	rb_7	3
2014013076	6	长期护理保险	rb_8	2
2014013076	6	长期护理保险开设公司	rb_1	1
2014013076	6	长期护理保险开设公司	rb_6	3
2014013076	6	长期护理保险开设公司	rb_8	1
2014013076	9	红牛	rb_3	3
2014013076	9	红牛禁销国家	rb_3	2
2014013076	9	红牛禁销国家	rb_4	4
2014013076	12	辽宁号	rb_2	1
2014013076	12	辽宁号	rb_6	1
2014013076	12	辽宁号	rb_7	4
2014013076	12	辽宁号优劣	rb_0	1
2014013076	12	辽宁号优劣	rb_4	3
2014013076	12	辽宁号优劣	rb_8	1
2014013076	12	辽宁号优劣	rb_9	1
2014013076	12	航母战略作用	rb_1	4
2014013076	11	清华大学游泳馆	rb_1	2
2014013076	11	清华大学游泳馆	rb_4	1
2014013076	11	清华大学游泳馆	rb_9	4
2014013076	2	北京周边度假旅行	rb_0	1
2014013076	2	北京周边度假旅行	rb_1	4
2014013076	2	天龙潭村	rb_0	2
2014013076	2	天龙潭村旅游报价	rb_0	4
2014013076	3	死飞自行车	rb_2	2
2014013076	3	死飞自行车	rb_7	1
2014013076	3	死飞自行车	rb_9	3
2014013076	3	死飞自行车清华附近	rb_0	3
2014013076	3	死飞自行车清华附近	rb_2	3
2014013076	3	死飞自行车注意事项	rb_1	3
2014013076	7	戒烟	rb_1	4
2014013076	7	戒烟	rb_2	4
2014013076	1	破冰游戏	rb_3	4
2014013076	5	红斑狼疮	rb_1	4
2013310564	13	法国队	rb_0	3
2013310564	13	法国队	rb_2	4
2013310564	13	法国队	rb_4	1
2013310564	13	法国队	rb_6	1
2013310564	13	法国队	rb_7	1
2013310564	13	法国队	rb_8	1
2013310564	13	法国队	rb_12	1
2013310564	13	法国队	rb_13	1
2013310564	13	法国队	rb_18	1
2013310564	13	法国队	rb_23	1
2011012703	5	红斑狼疮	rb_4	4
2011012703	5	红斑狼疮 注意事项	rb_2	3
2011012703	5	红斑狼疮 注意事项	rb_6	3
2011012703	5	红斑狼疮 注意事项	rb_8	4
2011012703	5	红斑狼疮 注意事项	rb_9	3
2011012703	5	红斑狼疮 治疗措施	rb_3	2
2011012703	5	红斑狼疮 治疗措施	rb_12	2
2011012703	5	红斑狼疮 治疗措施	rb_16	2
2011012703	5	红斑狼疮 治疗措施	rb_19	2
2011012703	1	破冰游戏 10人	rb_0	4
2011012703	1	破冰游戏 10人	rb_1	4
2011012703	1	破冰游戏 	rb_0	4
2011012703	1	破冰游戏  员工培训 10人	rb_2	4
2011012703	9	红牛	rb_19	2
2011012703	9	红牛副作用	rb_0	2
2011012703	9	红牛副作用	rb_5	3
2011012703	9	红牛副作用	rb_9	1
2011012703	9	红牛副作用	rb_11	2
2011012703	9	红牛 健康问题	rb_0	4
2011012703	9	红牛 健康问题	rb_5	4
2011012703	9	禁用红牛 的国家	rb_4	1
2011012703	9	禁用红牛 的国家	rb_16	1
2011012703	11	清华大学游泳馆	rb_2	3
2011012703	11	清华大学游泳馆 具体地址	rb_0	2
2011012703	11	清华大学游泳馆 具体地址	rb_1	2
2011012703	11	清华大学游泳馆 具体地址	rb_2	2
2011012703	11	清华大学游泳馆 具体地址	rb_3	2
2011012703	11	清华大学游泳馆 具体地址	rb_6	2
2011012703	11	清华大学游泳馆 具体地址	rb_10	2
2011012703	11	清华大学游泳馆 开放时间	rb_0	4
2011012703	11	清华大学露天游泳馆	rb_0	2
2011012703	11	清华大学露天泳池 学生价格	rb_6	3
2011012703	11	清华大学游泳馆开放时间段	rb_0	1
2011012703	11	清华大学游泳馆开放时间段	rb_3	4
2011012703	11	清华大学游泳馆开放时间段	rb_7	4
2011012703	11	清华大学游泳馆开放时间段	rb_8	4
2011012703	11	清华大学游泳馆学生票价	rb_2	2
2011012703	7	戒烟	rb_2	4
2011012703	8	谷歌眼镜	rb_2	1
2011012703	8	谷歌眼镜	rb_11	1
2011012703	8	谷歌眼镜 功能	rb_1	4
2011012703	8	谷歌眼镜 功能	rb_6	4
2011012703	8	谷歌眼镜 如何使用	rb_5	2
2011012703	8	谷歌眼镜 如何使用	rb_6	3
2011012703	10	港版iphone6	rb_1	4
2011012703	10	苹果官网	rb_0	4
2011012703	10	香港 超过多少钱需要交关税	rb_0	4
2011012703	10	香港 超过多少钱需要交关税	rb_5	4
2011012703	10	在香港买iphone 6	rb_0	4
2011012703	4	美国 手提行李限制	rb_0	4
2011012703	4	美国 手提行李限制	rb_2	3
2011012703	4	美国 托运行李规定	rb_1	2
2011012703	4	美国 托运行李规定	rb_5	3
2011012703	4	美国 不能带上飞机的行李	rb_0	3
2011012703	4	美国 不能带上飞机的行李	rb_2	3
2011012703	4	美国 不能托运的	rb_0	1
2011012703	4	去美国 不能托运	rb_0	3
2011012703	3	清华大学附近哪里卖死飞	rb_0	1
2011012703	3	清华大学西门 哪里卖死飞	rb_0	1
2011012703	3	清华大学西门 哪里卖死飞	rb_1	3
2011012703	3	清华西门 死飞公园	rb_0	2
2011012703	3	清华西门 死飞公园	rb_1	2
2011012703	3	 买死飞注意事项	rb_0	1
2011012703	3	 买死飞注意事项	rb_1	4
2011012703	3	死飞公园 价格	rb_2	1
2011012703	6	长期护理保险	rb_0	4
2011012703	6	长期护理保险 保费	rb_1	3
2011012703	6	长期护理保险 保费	rb_4	1
2011012703	6	长期护理保险 保费	rb_18	1
2011012703	6	长期护理保险 理赔金额	rb_8	1
2011012703	6	长期护理保险 理赔金额	rb_10	1
2011012703	6	长期护理保险 理赔金额	rb_12	1
2011012703	6	长期护理保险 理赔金额	rb_20	4
2011012703	6	哪些公司有长期护理产品	rb_1	2
2011012703	6	保险公司 长期护理产品	rb_0	3
2011012703	6	保险公司 长期护理产品	rb_3	1
2011012703	6	长期护理保险与健康保险区别	rb_2	1
2011012703	6	长期护理保险与医疗保险区别	rb_7	2
2011012703	2	北京度假旅行	rb_1	2
2011012703	2	北京周边游	rb_0	4
2011012703	2	北京周边游	rb_1	1
2011012703	2	北京周边游	rb_11	3
2011012703	2	十渡攻略	rb_0	2
2011012703	2	十渡攻略	rb_1	1
2011012703	2	十渡攻略	rb_2	1
2011012703	2	十渡攻略	rb_3	4
2011012703	2	清华大学到十渡	rb_0	4
2011012703	2	红螺寺 攻略	rb_1	4
2011012703	2	红螺寺 攻略	rb_2	4
2011012703	2	北京周边游 攻略	rb_1	3
2011012703	2	北京周边游 攻略	rb_2	1
2011012703	2	北京周边游 攻略	rb_3	1
2011012703	2	北京周边游 	rb_0	4
2011012703	2	青龙峡 红螺寺	rb_1	4
2011012703	2	大兴野生动物园	rb_0	4
2011012703	12	辽宁号	rb_3	2
2011012703	12	辽宁号	rb_5	4
2011012703	12	航空母舰的战略意义	rb_1	4
2011012703	12	航空母舰的战略意义	rb_2	4
2011012703	12	航空母舰的战略意义	rb_7	3
2011012703	12	辽宁号与美国航母对比	rb_0	3
2011012703	12	辽宁号与美国航母对比	rb_4	3
2011012703	12	辽宁号与美国航母对比	rb_5	3
2011012703	12	辽宁号与美国航母对比	rb_6	2
2011012703	12	辽宁号与其他国家航母对比	rb_0	2
2011012703	12	辽宁号与其他国家航母对比	rb_1	4
2011012703	12	辽宁号与其他国家航母对比	rb_2	1
2011012703	12	辽宁号与其他国家航母对比	rb_3	2
2011012703	12	辽宁号与其他国家航母对比	rb_9	1
